chromosome	start	end	arm
1	0	121535433	p
2	0	92326170	p
3	0	90504853	p
4	0	49660116	p
5	0	46405640	p
6	0	58830165	p
7	0	58054330	p
8	0	43838886	p
9	0	47367678	p
10	0	39254934	p
11	0	51644204	p
12	0	34856693	p
13	0	15999999	p
14	0	15069999	p
15	0	15259999	p
16	0	35335800	p
17	0	22263005	p
18	0	15460897	p
19	0	24681781	p
20	0	26369568	p
21	0	11288128	p
22	0	12999999	p
X	0	58632011	p
Y	0	10104552	p
1	121535434	249250621	q
2	92326171	243199373	q
3	90504854	198022430	q
4	49660117	191154276	q
5	46405641	180915260	q
6	58830166	171115067	q
7	58054331	159138663	q
8	43838887	146364022	q
9	47367679	141213431	q
10	39254935	135534747	q
11	51644205	135006516	q
12	34856694	133851895	q
13	16000000	115169878	q
14	15070000	107349540	q
15	15260000	102531392	q
16	35335801	90354753	q
17	22263006	81195210	q
18	15460898	78077248	q
19	24681782	59128983	q
20	26369569	63025520	q
21	11288129	48129895	q
22	13000000	51304566	q
X	58632012	155270560	q
Y	10104553	59373566	q
