s1	s2	fga_subclonal	fga_subclonal_wgd_corrected
R_K021_R1d1xx1	R_K021_R5d1xx1	0.06751308514342078	0.06751308514342078
R_K023_R2d1xx1	R_K023_R4d1xx1	0.3556280713135444	0.3556280713135444
R_K032_R3d1xx1	R_K032_R4d1xx1	0.03948159961080226	0.03948159961080226
G_K059_R13d1xx1	G_K059_R4d1xx1	0.9608108732736559	0.14210423752295728
G_K059_R13d1xx1	G_K059_R9d1xx1	0.14055038842918102	0.14055038842918102
G_K059_R4d1xx1	G_K059_R9d1xx1	0.9968664923257242	0.017920060803718194
R_K066_R1d1xx1	R_K066_R3d1xx1	0.9988467737203169	0.38324296957512904
R_K066_R1d1xx1	R_K066_R7d1xx1	0.5299050294148862	0.5299050294148862
R_K066_R3d1xx1	R_K066_R7d1xx1	0.9479182300172997	0.733751585076471
R_K071_R1d1xx1	R_K071_R10d1xx1	0.005735689829578027	0.005735689829578027
R_K071_R1d1xx1	R_K071_R12d1xx1	0.029833013363424747	0.029833013363424747
R_K071_R1d1xx1	R_K071_R5d1xx1	0.6019431167450998	0.9579233752088631
R_K071_R1d1xx1	R_K071_R9d1xx1	0.13421791557744575	0.13421791557744575
R_K071_R10d1xx1	R_K071_R12d1xx1	0.026542690696448396	0.026542690696448396
R_K071_R10d1xx1	R_K071_R5d1xx1	0.6013580542941621	0.9614403136543035
R_K071_R10d1xx1	R_K071_R9d1xx1	0.13330175648658915	0.13330175648658915
R_K071_R12d1xx1	R_K071_R5d1xx1	0.6232103848845596	0.9377991290932685
R_K071_R12d1xx1	R_K071_R9d1xx1	0.15872085805744968	0.15872085805744968
R_K071_R5d1xx1	R_K071_R9d1xx1	0.560330252145596	0.9245886829597928
T_K096_R14d1xx1	T_K096_R7d1xx1	1	0.9888240596321499
T_K096_R14d1xx1	T_K096_R9d1xx1	1	0.9672085951607539
T_K096_R7d1xx1	T_K096_R9d1xx1	0.5747143193887894	0.5747143193887894
R_K098_R1d1xx1	R_K098_R2d1xx1	0.5915527274356134	0.5915527274356134
R_K098_R1d1xx1	R_K098_R3d1xx1	0.8080879721760598	0.7666922636800638
R_K098_R1d1xx1	R_K098_R5d1xx1	0.7735702293599229	0.7779140843381734
R_K098_R2d1xx1	R_K098_R3d1xx1	0.5334897770614706	0.916515968137447
R_K098_R2d1xx1	R_K098_R5d1xx1	0.5785641789318757	0.9297770640206806
R_K098_R3d1xx1	R_K098_R5d1xx1	0.2733219339940276	0.2733219339940276
R_K104_R2d1xx1	R_K104_R3d1xx1	0.12954468249250298	0.12954468249250298
G_K119_R2d1tg1	G_K119_R4d1tg1	0.0836575377986415	0.0836575377986415
R_K128_R11d1tg1	R_K128_R65d1tg1	0.3831382169584739	0.3831382169584739
R_K128_R11d1tg1	R_K128_R73d1tg1	0.3830935109935634	0.3830935109935634
R_K128_R65d1tg1	R_K128_R73d1tg1	0.0031951667373018577	0.0031951667373018577
G_K136_R2d1xx1	G_K136_R5d1xx1	0.18366551984796925	0.18366551984796925
R_K150_R2d1.1	R_K150_R3d1.1	0.8136181798315866	0.6834562418783787
R_K150_R2d1.1	R_K150_R4d1.1	0.5326719926688388	0.5326719926688388
R_K150_R3d1.1	R_K150_R4d1.1	0.8746939931937644	0.6752818610272789
G_K153_R54d1tg1	G_K153_R55d1tg1	0.9163348322027272	0.9315696042215054
G_K153_R54d1tg1	G_K153_R59d1tg1	0.8869840736963419	0.417061711714701
G_K153_R54d1tg1	G_K153_R26d1tg1	0.8883464988594821	0.3486531732138499
G_K153_R54d1tg1	G_K153_R4d1tg1	0.8810780558012736	0.967593375010253
G_K153_R54d1tg1	G_K153_R58d1tg1	0.99999733305932	0.06803616965889592
G_K153_R55d1tg1	G_K153_R59d1tg1	0.8302586139053075	0.8302586139053075
G_K153_R55d1tg1	G_K153_R26d1tg1	0.9314254961881548	0.9314254961881548
G_K153_R55d1tg1	G_K153_R4d1tg1	0.40172498991196404	0.40172498991196404
G_K153_R55d1tg1	G_K153_R58d1tg1	0.9899097688600516	0.9899097688600516
G_K153_R59d1tg1	G_K153_R26d1tg1	0.1660696849304923	0.1660696849304923
G_K153_R59d1tg1	G_K153_R4d1tg1	0.8866559553338462	0.8866559553338462
G_K153_R59d1tg1	G_K153_R58d1tg1	0.42192706257889745	0.42192706257889745
G_K153_R26d1tg1	G_K153_R4d1tg1	0.9848546381837959	0.9848546381837959
G_K153_R26d1tg1	G_K153_R58d1tg1	0.3501443324352813	0.3501443324352813
G_K153_R4d1tg1	G_K153_R58d1tg1	0.9156192801958954	0.9156192801958954
R_K158_R2d1.1	R_K158_R4d1.1	0.1239277795342964	0.959351188116784
R_K162_R2d1tg1	R_K162_R6d1tg1	0.5821772136816838	0.5821772136816838
G_K163_R10d1tg1	G_K163_R17d1tg1	0.9533691190916198	0.41220257590842285
G_K163_R10d1tg1	G_K163_R31d1tg1	0.12961608991302562	0.12961608991302562
G_K163_R10d1tg1	G_K163_R4d1tg1	0.9979199667897716	0.0044528895122623625
G_K163_R17d1tg1	G_K163_R31d1tg1	0.99843196165302	0.2849593422974312
G_K163_R17d1tg1	G_K163_R4d1tg1	0.41063453756144275	0.41063453756144275
G_K163_R31d1tg1	G_K163_R4d1tg1	0.9563703175314241	0.13118199357384727
G_K165_R19d1xx1	G_K165_R32d1xx1	0.05781254044302443	0.05781254044302443
G_K165_R19d1xx1	G_K165_R7d1xx1	0.17920836028939358	0.17920836028939358
G_K165_R32d1xx1	G_K165_R7d1xx1	0.1502499848042368	0.1502499848042368
R_K167_R12d1tg1	R_K167_R3d1tg1	0.010824174314658467	0.010824174314658467
R_K167_R12d1tg1	R_K167_R7d1tg1	0.01417123004651645	0.01417123004651645
R_K167_R3d1tg1	R_K167_R7d1tg1	0.009006630490532916	0.009006630490532916
G_K169_R10d1tg1	G_K169_R2d1tg1	0.2823309759365663	0.2823309759365663
G_K169_R10d1tg1	G_K169_R8d1tg1	0.37721282533013684	0.37721282533013684
G_K169_R2d1tg1	G_K169_R8d1tg1	0.3966941116693879	0.3966941116693879
G_K191_R1d1tg1	G_K191_R3d1tg1	0.004477398384583962	0.004477398384583962
G_K191_R1d1tg1	G_K191_R7d1tg1	0.9977648929036915	0.48323318840094
G_K191_R1d1tg1	G_K191_R8d1tg1	0.9779212831901077	0.6437629782600358
G_K191_R3d1tg1	G_K191_R7d1tg1	0.9990942678677023	0.48235623853204246
G_K191_R3d1tg1	G_K191_R8d1tg1	0.9779212831901077	0.6444546960545532
G_K191_R7d1tg1	G_K191_R8d1tg1	0.7950890567184997	0.7950890567184997
G_K206_M2d1xx1	G_K206_R5d1xx1	0.2924629213863724	0.2924629213863724
G_K206_M2d1xx1	G_K206_R7d1xx1	0.08668802988755453	0.08668802988755453
G_K206_M2d1xx1	G_K206_R9d1xx1	0.23849191114320803	0.23849191114320803
G_K206_R5d1xx1	G_K206_R7d1xx1	0.3687534295045297	0.3687534295045297
G_K206_R5d1xx1	G_K206_R9d1xx1	0.4374202929051177	0.4374202929051177
G_K206_R7d1xx1	G_K206_R9d1xx1	0.2833841567716742	0.2833841567716742
R_K207_R1d1tg1	R_K207_R4d1tg1	0.9066878445930455	0.9316763694759197
R_K207_R1d1tg1	R_K207_R6d1tg1	0.898650355511394	0.9518257723928225
R_K207_R1d1tg1	R_K207_R7d1tg1	0.7496496430320014	0.9255467707036785
R_K207_R1d1tg1	R_K207_THR1d1tg1	0.10728335842776225	0.10728335842776225
R_K207_R4d1tg1	R_K207_R6d1tg1	0.04332443094008303	0.04332443094008303
R_K207_R4d1tg1	R_K207_R7d1tg1	0.4101051591354449	0.4101051591354449
R_K207_R4d1tg1	R_K207_THR1d1tg1	0.9912120592039627	0.9379416409902713
R_K207_R6d1tg1	R_K207_R7d1tg1	0.4257388533788335	0.4257388533788335
R_K207_R6d1tg1	R_K207_THR1d1tg1	0.9772218047187372	0.9535830175405893
R_K207_R7d1tg1	R_K207_THR1d1tg1	0.7813030865665817	0.9587601807890906
R_K216_R3d1tg1	R_K216_R5d1tg1	0.45135653558617833	0.45135653558617833
G_K220_R11d1xx1	G_K220_R14d1xx1	0.9810185253674587	0.7913908354082242
G_K220_R11d1xx1	G_K220_R7d1xx1	0.5619398435262566	0.5619398435262566
G_K220_R14d1xx1	G_K220_R7d1xx1	1	0.9018998315166425
G_K234_R17d1xx1	G_K234_R4d1xx1	1	0.8860119458366845
G_K234_R17d1xx1	G_K234_R8d1xx1	0.34063474933831256	0.34063474933831256
G_K234_R17d1xx1	G_K234_R2d1xx1	0.9624318302033888	0.9484767665487829
G_K234_R17d1xx1	G_K234_THR1d1xx1	1	0.9101833270095606
G_K234_R4d1xx1	G_K234_R8d1xx1	0.9999891581938364	0.8531275103806655
G_K234_R4d1xx1	G_K234_R2d1xx1	0.9984960860703777	0.9984960860703777
G_K234_R4d1xx1	G_K234_THR1d1xx1	0.3763509394879745	0.3763509394879745
G_K234_R8d1xx1	G_K234_R2d1xx1	0.8188573897279542	0.9211066620664998
G_K234_R8d1xx1	G_K234_THR1d1xx1	1	0.9306217393793768
G_K234_R2d1xx1	G_K234_THR1d1xx1	0.9984983690848738	0.9984983690848738
G_K239_R2d1xx1	G_K239_R3d1xx1	0.9928839959171211	0.15377469889611858
G_K239_R2d1xx1	G_K239_R4d1xx1	0.9928198405688683	0.15479701902982923
G_K239_R2d1xx1	G_K239_THR1d1xx1	0.9928198405688683	0.23688304110956568
G_K239_R3d1xx1	G_K239_R4d1xx1	0.01286052567586711	0.01286052567586711
G_K239_R3d1xx1	G_K239_THR1d1xx1	0.1470903830541897	0.1470903830541897
G_K239_R4d1xx1	G_K239_THR1d1xx1	0.13788470660593002	0.13788470660593002
R_K242_R10d1.1	R_K242_R14d1.1	0.004645517840899472	0.004645517840899472
G_K243_R12d1tg1	G_K243_R13d1tg1	0.04406843137448826	0.04406843137448826
G_K243_R12d1tg1	G_K243_R20d1tg1	0.0695945120763939	0.0695945120763939
G_K243_R12d1tg1	G_K243_R3d1tg1	0.2252484102903081	0.2252484102903081
G_K243_R12d1tg1	G_K243_R1d1tg1	0.9999977217011902	0.4211467193252479
G_K243_R12d1tg1	G_K243_R15d1tg1	0.03618502484722431	0.03618502484722431
G_K243_R12d1tg1	G_K243_R21d1tg1	0.10626394425474993	0.10626394425474993
G_K243_R12d1tg1	G_K243_R23d1tg1	0.4398940893561519	0.4398940893561519
G_K243_R12d1tg1	G_K243_R24d1tg1	0.9999977217011902	0.29217639965369263
G_K243_R12d1tg1	G_K243_R5d1tg1	0.943200133484571	0.1480454886412907
G_K243_R12d1tg1	G_K243_R6d1tg1	0.12623554138850343	0.12623554138850343
G_K243_R12d1tg1	G_K243_R7d1tg1	0.10737225644061082	0.10737225644061082
G_K243_R12d1tg1	G_K243_THR2d1tg1	0.050818477824175	0.050818477824175
G_K243_R13d1tg1	G_K243_R20d1tg1	0.04197774449965719	0.04197774449965719
G_K243_R13d1tg1	G_K243_R3d1tg1	0.18903025132080495	0.18903025132080495
G_K243_R13d1tg1	G_K243_R1d1tg1	0.9997105005181	0.4194060715000045
G_K243_R13d1tg1	G_K243_R15d1tg1	0.007887720150994468	0.007887720150994468
G_K243_R13d1tg1	G_K243_R21d1tg1	0.09423916239153551	0.09423916239153551
G_K243_R13d1tg1	G_K243_R23d1tg1	0.4439714267469185	0.4439714267469185
G_K243_R13d1tg1	G_K243_R24d1tg1	0.9997105005181	0.27875584405225856
G_K243_R13d1tg1	G_K243_R5d1tg1	0.9432024117833808	0.11536071698923069
G_K243_R13d1tg1	G_K243_R6d1tg1	0.09690857548918551	0.09690857548918551
G_K243_R13d1tg1	G_K243_R7d1tg1	0.10134966228006147	0.10134966228006147
G_K243_R13d1tg1	G_K243_THR2d1tg1	0.009030485885490507	0.009030485885490507
G_K243_R20d1tg1	G_K243_R3d1tg1	0.15966339789019335	0.15966339789019335
G_K243_R20d1tg1	G_K243_R1d1tg1	0.9816265292034262	0.4229079577922578
G_K243_R20d1tg1	G_K243_R15d1tg1	0.03739985075821881	0.03739985075821881
G_K243_R20d1tg1	G_K243_R21d1tg1	0.11781823490237833	0.11781823490237833
G_K243_R20d1tg1	G_K243_R23d1tg1	0.47769549446559434	0.47769549446559434
G_K243_R20d1tg1	G_K243_R24d1tg1	0.9997105005181	0.24894689646772447
G_K243_R20d1tg1	G_K243_R5d1tg1	0.9432024117833808	0.10888310975679773
G_K243_R20d1tg1	G_K243_R6d1tg1	0.06094508962011899	0.06094508962011899
G_K243_R20d1tg1	G_K243_R7d1tg1	0.09569019836410629	0.09569019836410629
G_K243_R20d1tg1	G_K243_THR2d1tg1	0.0510010594926665	0.0510010594926665
G_K243_R3d1tg1	G_K243_R1d1tg1	0.9816253902400656	0.5750502105727814
G_K243_R3d1tg1	G_K243_R15d1tg1	0.19474776999643664	0.19474776999643664
G_K243_R3d1tg1	G_K243_R21d1tg1	0.15561280585956871	0.15561280585956871
G_K243_R3d1tg1	G_K243_R23d1tg1	0.3337705628002332	0.3337705628002332
G_K243_R3d1tg1	G_K243_R24d1tg1	0.9997093615547394	0.4002799498266733
G_K243_R3d1tg1	G_K243_R5d1tg1	0.9432012728200202	0.2539860770677902
G_K243_R3d1tg1	G_K243_R6d1tg1	0.21931794565182375	0.21931794565182375
G_K243_R3d1tg1	G_K243_R7d1tg1	0.2512704457225392	0.2512704457225392
G_K243_R3d1tg1	G_K243_THR2d1tg1	0.19578012958642146	0.19578012958642146
G_K243_R1d1tg1	G_K243_R15d1tg1	0.9997105005181	0.41877919514530876
G_K243_R1d1tg1	G_K243_R21d1tg1	0.9997105005181	0.4792357930171745
G_K243_R1d1tg1	G_K243_R23d1tg1	0.9966943882385932	0.6758028714959323
G_K243_R1d1tg1	G_K243_R24d1tg1	0.2510582640297756	0.2510582640297756
G_K243_R1d1tg1	G_K243_R5d1tg1	0.4199794954595473	0.4199794954595473
G_K243_R1d1tg1	G_K243_R6d1tg1	0.9816265292034262	0.4379185642908799
G_K243_R1d1tg1	G_K243_R7d1tg1	0.9999988610366394	0.40641705985088367
G_K243_R1d1tg1	G_K243_THR2d1tg1	0.9997105005181	0.42843379388308434
G_K243_R15d1tg1	G_K243_R21d1tg1	0.08852009359458392	0.08852009359458392
G_K243_R15d1tg1	G_K243_R23d1tg1	0.44345829938117415	0.44345829938117415
G_K243_R15d1tg1	G_K243_R24d1tg1	0.9997105005181	0.27926965717738655
G_K243_R15d1tg1	G_K243_R5d1tg1	0.9432024117833808	0.12210598693690512
G_K243_R15d1tg1	G_K243_R6d1tg1	0.09005483016500963	0.09005483016500963
G_K243_R15d1tg1	G_K243_R7d1tg1	0.09346625575279752	0.09346625575279752
G_K243_R15d1tg1	G_K243_THR2d1tg1	0.01640063965313479	0.01640063965313479
G_K243_R21d1tg1	G_K243_R23d1tg1	0.40897265363482727	0.40897265363482727
G_K243_R21d1tg1	G_K243_R24d1tg1	0.9997105005181	0.3405605842220466
G_K243_R21d1tg1	G_K243_R5d1tg1	0.9432024117833808	0.200211485142809
G_K243_R21d1tg1	G_K243_R6d1tg1	0.17754664449375512	0.17754664449375512
G_K243_R21d1tg1	G_K243_R7d1tg1	0.12614880454725672	0.12614880454725672
G_K243_R21d1tg1	G_K243_THR2d1tg1	0.1015012288711413	0.1015012288711413
G_K243_R23d1tg1	G_K243_R24d1tg1	0.9999975535171199	0.6742725676176055
G_K243_R23d1tg1	G_K243_R5d1tg1	0.9431994800968999	0.5552389616943589
G_K243_R23d1tg1	G_K243_R6d1tg1	0.5335092694985187	0.5335092694985187
G_K243_R23d1tg1	G_K243_R7d1tg1	0.5301099691635995	0.5301099691635995
G_K243_R23d1tg1	G_K243_THR2d1tg1	0.4516035632965474	0.4516035632965474
G_K243_R24d1tg1	G_K243_R5d1tg1	0.260161132692625	0.260161132692625
G_K243_R24d1tg1	G_K243_R6d1tg1	0.9997105005181	0.2622407663019908
G_K243_R24d1tg1	G_K243_R7d1tg1	0.9999988610366394	0.2689551138223276
G_K243_R24d1tg1	G_K243_THR2d1tg1	0.9997105005181	0.28690179372701546
G_K243_R5d1tg1	G_K243_R6d1tg1	1	0.050137206201684895
G_K243_R5d1tg1	G_K243_R7d1tg1	0.9432012728200202	0.16165300911552452
G_K243_R5d1tg1	G_K243_THR2d1tg1	0.9432024117833808	0.12350748823572893
G_K243_R6d1tg1	G_K243_R7d1tg1	0.154204205853462	0.154204205853462
G_K243_R6d1tg1	G_K243_THR2d1tg1	0.10593906137467601	0.10593906137467601
G_K243_R7d1tg1	G_K243_THR2d1tg1	0.10809970872974821	0.10809970872974821
G_K255_R12d1tg1	G_K255_R3d1	0.1642049203892831	0.1642049203892831
G_K255_R12d1tg1	G_K255_R7d1	0.1015455009213227	0.1015455009213227
G_K255_R12d1tg1	G_K255_THR1d1tg1	0.004708574825610516	0.004708574825610516
G_K255_R3d1	G_K255_R7d1	0.06969019298631243	0.06969019298631243
G_K255_R3d1	G_K255_THR1d1tg1	0.16654155857769215	0.16654155857769215
G_K255_R7d1	G_K255_THR1d1tg1	0.10396253318557139	0.10396253318557139
R_K263_M1d1tg1	R_K263_R14d1tg1	0.8872398994390042	0.6034319206540393
R_K263_M1d1tg1	R_K263_R2d1tg1	0.469425834617782	0.469425834617782
R_K263_M1d1tg1	R_K263_R6d1tg1	0.4414068074137925	0.4414068074137925
R_K263_M1d1tg1	R_K263_THR1d1tg1	0.9845709083149562	0.4175148074584273
R_K263_R14d1tg1	R_K263_R2d1tg1	0.8028314279188727	0.7601265184105256
R_K263_R14d1tg1	R_K263_R6d1tg1	0.7286073220270319	0.815659564135744
R_K263_R14d1tg1	R_K263_THR1d1tg1	0.2964623135059778	0.2964623135059778
R_K263_R2d1tg1	R_K263_R6d1tg1	0.18325949415406498	0.18325949415406498
R_K263_R2d1tg1	R_K263_THR1d1tg1	0.7080290022058524	0.6964709540727471
R_K263_R6d1tg1	R_K263_THR1d1tg1	0.6372906052734805	0.7237907665600339
R_K265_R1d1.1	R_K265_R5d1.1	0.18194172335446757	0.18194172335446757
R_K265_R1d1.1	R_K265_R7d1.1	0.1922070815109764	0.1922070815109764
R_K265_R5d1.1	R_K265_R7d1.1	0.02003976559200557	0.02003976559200557
R_K280_M11d1tg1	R_K280_R17d1tg1	0.12134652515265097	0.12134652515265097
R_K280_M11d1tg1	R_K280_R28d1tg1	0.9192206527353411	0.8495544728229776
R_K280_R17d1tg1	R_K280_R28d1tg1	0.875894682944715	0.8799935953162429
R_K308_R1d1xx1	R_K308_R3d1xx1	0.863259073060964	0.4429766569641269
R_K308_R1d1xx1	R_K308_R4d1xx1	0.008290227861436211	0.008290227861436211
R_K308_R3d1xx1	R_K308_R4d1xx1	0.863259073060964	0.44528991771207305
R_K326_CB1d1xx1	R_K326_R4d1xx1	0.6026985683036229	0.6026985683036229
R_K328_R1d1xx1	R_K328_R16d1xx1	0.9598039554819394	0.4409692092236821
R_K328_R1d1xx1	R_K328_R19d1xx1	0.9605749881509866	0.4161043155398603
R_K328_R1d1xx1	R_K328_R13d1xx1	0.95245929698008	0.424506730091099
R_K328_R1d1xx1	R_K328_R18d1xx1	0.9460927385685961	0.43310669478829567
R_K328_R16d1xx1	R_K328_R19d1xx1	0.07366595843939731	0.07366595843939731
R_K328_R16d1xx1	R_K328_R13d1xx1	0.08504466356414243	0.08504466356414243
R_K328_R16d1xx1	R_K328_R18d1xx1	0.10076168947473128	0.10076168947473128
R_K328_R19d1xx1	R_K328_R13d1xx1	0.038586086823657204	0.038586086823657204
R_K328_R19d1xx1	R_K328_R18d1xx1	0.04390634023976255	0.04390634023976255
R_K328_R13d1xx1	R_K328_R18d1xx1	0.025484906474647993	0.025484906474647993
G_K334_R11d1xx1	G_K334_R6d1xx1	0.13492488594657653	0.13492488594657653
G_K360_R1d1xx1	G_K360_R5d1xx1	0.9958057479803666	0.878495782831583
R_K386_R31d1xx1	R_K386_R4d1xx1	0.11423777629820511	0.11423777629820511
R_K386_R31d1xx1	R_K386_R64d1xx1	0.9999425986515659	0.04206399050865905
R_K386_R31d1xx1	R_K386_R67d1xx1	1	0.020808005557853698
R_K386_R31d1xx1	R_K386_R79d1xx1	1	0.07575113811849121
R_K386_R4d1xx1	R_K386_R64d1xx1	0.9216221672733451	0.14073121850905587
R_K386_R4d1xx1	R_K386_R67d1xx1	0.9216784738837258	0.12700708198963265
R_K386_R4d1xx1	R_K386_R79d1xx1	0.9723430198600164	0.08063273702024702
R_K386_R64d1xx1	R_K386_R67d1xx1	0.04338072252988469	0.04338072252988469
R_K386_R64d1xx1	R_K386_R79d1xx1	0.09840441716538369	0.09840441716538369
R_K386_R67d1xx1	R_K386_R79d1xx1	0.05724210257345513	0.05724210257345513
R_K427_R19d1.1	R_K427_R9d1.1	0.28600559747530946	0.28600559747530946
R_K427_R19d1.1	R_K427_M10d1.1	0.10788390200506501	0.10788390200506501
R_K427_R19d1.1	R_K427_THR3d1.1	0.1531400403409011	0.1531400403409011
R_K427_R9d1.1	R_K427_M10d1.1	0.2935821467788105	0.2935821467788105
R_K427_R9d1.1	R_K427_THR3d1.1	0.259421634172263	0.259421634172263
R_K427_M10d1.1	R_K427_THR3d1.1	0.2325266872271728	0.2325266872271728
G_K446_R14d1xx1	G_K446_R22d1xx1	0.3944245540135771	0.3944245540135771
G_K446_R14d1xx1	G_K446_R9d1xx1	0.3072298785465137	0.3072298785465137
G_K446_R14d1xx1	G_K446_LN1d1xx1	0.20112840293388926	0.20112840293388926
G_K446_R14d1xx1	G_K446_R24d1xx1	0.3349212296678305	0.3349212296678305
G_K446_R22d1xx1	G_K446_R9d1xx1	0.42277252540698396	0.42277252540698396
G_K446_R22d1xx1	G_K446_LN1d1xx1	0.2995814166081224	0.2995814166081224
G_K446_R22d1xx1	G_K446_R24d1xx1	0.3955549738862356	0.3955549738862356
G_K446_R9d1xx1	G_K446_LN1d1xx1	0.408589872307611	0.408589872307611
G_K446_R9d1xx1	G_K446_R24d1xx1	0.35481584686763706	0.35481584686763706
G_K446_LN1d1xx1	G_K446_R24d1xx1	0.43995378931356116	0.43995378931356116
G_K448_R12d1xx1	G_K448_R49d1xx1	0.06271208972029317	0.06271208972029317
G_K448_R12d1xx1	G_K448_R5d1xx1	0.06932885246739007	0.06932885246739007
G_K448_R49d1xx1	G_K448_R5d1xx1	0.014367034408303355	0.014367034408303355
R_K463_R1d1xx1	R_K463_R16d1xx1	0.9826329442033502	0.9826329442033502
R_K463_R1d1xx1	R_K463_R8d1xx1	0.6805306775986613	0.6805306775986613
R_K463_R16d1xx1	R_K463_R8d1xx1	0.7392162564774115	0.7392162564774115
G_K065_R5d1.1	G_K065_R8d1.1	0.0011694845501073624	0.0011694845501073624
G_K228_R3d1xx1	G_K228_R6d1xx1	0.8908752021930676	0.8908752021930676
G_K228_R3d1xx1	G_K228_R9d1xx1	0.9147009239013896	0.3161373203316513
G_K228_R6d1xx1	G_K228_R9d1xx1	0.9027117975759746	0.9349604199357967
G_K229_LN4d1xx1	G_K229_R3d1xx1	0.31924847105449267	0.31924847105449267
G_K253_R10d1tg1	G_K253_R7d1tg1	0.0027034772071239887	0.0027034772071239887
G_K276_R14d1	G_K276_R18d1	0.59632615408131	0.59632615408131
G_K276_R14d1	G_K276_THR1d1	0.9812934555263857	0.5215784939345783
G_K276_R18d1	G_K276_THR1d1	0.7927448397804469	0.49058143734916987
G_K376_R9d1xx1	G_K376_M2d1xx1	0.8768737387988856	0.8139853968940771
G_K376_R9d1xx1	G_K376_M5d1xx1	0.8297134031413875	0.8156830878718241
G_K376_R9d1xx1	G_K376_R3d1xx1	0.152010175409813	0.152010175409813
G_K376_M2d1xx1	G_K376_M5d1xx1	0.08911276425137363	0.08911276425137363
G_K376_M2d1xx1	G_K376_R3d1xx1	0.9849506938008639	0.8073128513690246
G_K376_M5d1xx1	G_K376_R3d1xx1	0.9035014019364301	0.8120364910547196
G_K379_R18d1xx1	G_K379_R19d1xx1	0.0015308520518671276	0.0015308520518671276
G_K379_R18d1xx1	G_K379_R27d1xx1	0.012033990205833367	0.012033990205833367
G_K379_R18d1xx1	G_K379_R29d1xx1	0.04832262650641392	0.04832262650641392
G_K379_R19d1xx1	G_K379_R27d1xx1	0.011397617411665466	0.011397617411665466
G_K379_R19d1xx1	G_K379_R29d1xx1	0.04768625371224602	0.04768625371224602
G_K379_R27d1xx1	G_K379_R29d1xx1	0.05196129686063304	0.05196129686063304
G_K390_LN3d1.1	G_K390_R14d1.1	0.11901015701519187	0.11901015701519187
G_K390_LN3d1.1	G_K390_R15d1.1	0.13975940818007676	0.13975940818007676
G_K390_LN3d1.1	G_K390_R18d1.1	0.1479615789261805	0.1479615789261805
G_K390_LN3d1.1	G_K390_R19d1.1	0.05666092439055827	0.05666092439055827
G_K390_LN3d1.1	G_K390_THR2d1.1	0.12305039359783884	0.12305039359783884
G_K390_R14d1.1	G_K390_R15d1.1	0.030585022395856115	0.030585022395856115
G_K390_R14d1.1	G_K390_R18d1.1	0.029877090648891276	0.029877090648891276
G_K390_R14d1.1	G_K390_R19d1.1	0.13668080116934206	0.13668080116934206
G_K390_R14d1.1	G_K390_THR2d1.1	0.004040236582646975	0.004040236582646975
G_K390_R15d1.1	G_K390_R18d1.1	0.024332006898476293	0.024332006898476293
G_K390_R15d1.1	G_K390_R19d1.1	0.13845175411500388	0.13845175411500388
G_K390_R15d1.1	G_K390_THR2d1.1	0.03053724490708091	0.03053724490708091
G_K390_R18d1.1	G_K390_R19d1.1	0.15721133121161918	0.15721133121161918
G_K390_R18d1.1	G_K390_THR2d1.1	0.029838700577267323	0.029838700577267323
G_K390_R19d1.1	G_K390_THR2d1.1	0.13264091124828595	0.13264091124828595
G_K520_M6d1xx1	G_K520_R1d1xx1	0.9527629207738206	0.41335850746495506
G_K520_M6d1xx1	G_K520_R9d1xx1	0.9486913353688463	0.37247625844704246
G_K520_R1d1xx1	G_K520_R9d1xx1	0.12249941217673714	0.12249941217673714
R_K029_R1d1xx1	R_K029_R10d1xx1	0.2662313122951979	0.2662313122951979
R_K029_R1d1xx1	R_K029_R9d1xx1	0.20246453963473796	0.20246453963473796
R_K029_R10d1xx1	R_K029_R9d1xx1	0.2705074662222533	0.2705074662222533
R_K143_R2d1tg1	R_K143_R1d1tg1	0.9999996520475907	0.11549349128224218
R_K208_R1d1tg1	R_K208_R5d1tg1	0.001193622102767634	0.001193622102767634
R_K245_THR1d1xx1	R_K245_R14d1xx1	0.7258151838864558	0.9931367164450028
R_K245_THR1d1xx1	R_K245_R9d1xx1	0.7243802184153861	0.9916700055201839
R_K245_THR1d1xx1	R_K245_THR4d1xx1	0.7829009592070889	0.991538537784817
R_K245_R14d1xx1	R_K245_R9d1xx1	0.007415016391444693	0.007415016391444693
R_K245_R14d1xx1	R_K245_THR4d1xx1	0.06726756807947183	0.06726756807947183
R_K245_R9d1xx1	R_K245_THR4d1xx1	0.060067488667102535	0.060067488667102535
R_K444_R1d1xx1	R_K444_R5d1xx1	0.12824349816053066	0.12824349816053066
R_K444_R1d1xx1	R_K444_R8d1xx1	0.1537850269176504	0.1537850269176504
R_K444_R5d1xx1	R_K444_R8d1xx1	0.03800468299455034	0.03800468299455034
