pat	smp1	smp2	clonal_dist	td	pd
K021	K021_R1	K021_R5	1	0.2233203761231275	0.27
K021	K021_R1	K021_R5	1	0.2233203761231275	0.27
K021	K021_R1	K021_R5	1	0.2233203761231275	0.27
K023	K023_R2	K023_R4	1	0.2980704207516074	0.039999999999999925
K023	K023_R2	K023_R4	1	0.2980704207516074	0.039999999999999925
K029	K029_R1	K029_R10	1	0.06238337140193073	0
K029	K029_R1	K029_R10	1	0.06238337140193073	0
K029	K029_R1	K029_R10	1	0.06238337140193073	0
K029	K029_R1	K029_R10	1	0.06238337140193073	0
K029	K029_R1	K029_R9	0	0.23451504516961308	0.14
K029	K029_R1	K029_R9	0	0.23451504516961308	0.14
K029	K029_R1	K029_R9	0	0.23451504516961308	0.14
K029	K029_R1	K029_R9	0	0.23451504516961308	0.14
K029	K029_R10	K029_R9	0	0.26516651277711345	0.14
K029	K029_R10	K029_R9	0	0.26516651277711345	0.14
K029	K029_R10	K029_R9	0	0.26516651277711345	0.14
K059	K059_R13	K059_R4	1	0.15268157284174544	0.13
K059	K059_R13	K059_R4	1	0.15268157284174544	0.13
K059	K059_R13	K059_R9	1	0.24223183353946898	0.26999999999999996
K059	K059_R13	K059_R9	1	0.24223183353946898	0.26999999999999996
K059	K059_R4	K059_R9	1	0.16284750779508628	0.13999999999999996
K059	K059_R4	K059_R9	1	0.16284750779508628	0.13999999999999996
K065	K065_R5	K065_R8	0	0.07171134042733252	0.15999999999999992
K066	K066_R1	K066_R3	2	0.5067211452945526	0.24
K066	K066_R1	K066_R3	2	0.5067211452945526	0.24
K066	K066_R1	K066_R3	2	0.5067211452945526	0.24
K066	K066_R1	K066_R7	1	0.2346304513346129	0.12
K066	K066_R1	K066_R7	1	0.2346304513346129	0.12
K066	K066_R1	K066_R7	1	0.2346304513346129	0.12
K066	K066_R3	K066_R7	2	0.5550394664990554	0.12
K066	K066_R3	K066_R7	2	0.5550394664990554	0.12
K066	K066_R3	K066_R7	2	0.5550394664990554	0.12
K071	K071_R1	K071_R10	2	0.14111060034014544	0.14
K071	K071_R1	K071_R10	2	0.14111060034014544	0.14
K071	K071_R1	K071_R10	2	0.14111060034014544	0.14
K071	K071_R1	K071_R12	2	0.16603846514177079	0.10999999999999999
K071	K071_R1	K071_R12	2	0.16603846514177079	0.10999999999999999
K071	K071_R1	K071_R12	2	0.16603846514177079	0.10999999999999999
K071	K071_R1	K071_R5	2	0.25672851504090133	0.010000000000000009
K071	K071_R1	K071_R5	2	0.25672851504090133	0.010000000000000009
K071	K071_R1	K071_R5	2	0.25672851504090133	0.010000000000000009
K071	K071_R1	K071_R9	2	0.18221831188214876	0.07000000000000006
K071	K071_R1	K071_R9	2	0.18221831188214876	0.07000000000000006
K071	K071_R1	K071_R9	2	0.18221831188214876	0.07000000000000006
K071	K071_R10	K071_R12	2	0.1368527377225388	0.030000000000000027
K071	K071_R10	K071_R12	2	0.1368527377225388	0.030000000000000027
K071	K071_R10	K071_R12	2	0.1368527377225388	0.030000000000000027
K071	K071_R10	K071_R5	1	0.26714032272883204	0.13
K071	K071_R10	K071_R5	1	0.26714032272883204	0.13
K071	K071_R10	K071_R5	1	0.26714032272883204	0.13
K071	K071_R10	K071_R9	1	0.12588585338493852	0.06999999999999995
K071	K071_R10	K071_R9	1	0.12588585338493852	0.06999999999999995
K071	K071_R10	K071_R9	1	0.12588585338493852	0.06999999999999995
K071	K071_R12	K071_R5	2	0.32609022020319756	0.09999999999999998
K071	K071_R12	K071_R5	2	0.32609022020319756	0.09999999999999998
K071	K071_R12	K071_R5	2	0.32609022020319756	0.09999999999999998
K071	K071_R12	K071_R9	2	0.13145788247420165	0.039999999999999925
K071	K071_R12	K071_R9	2	0.13145788247420165	0.039999999999999925
K071	K071_R12	K071_R9	2	0.13145788247420165	0.039999999999999925
K071	K071_R5	K071_R9	1	0.3379433208553967	0.06000000000000005
K071	K071_R5	K071_R9	1	0.3379433208553967	0.06000000000000005
K071	K071_R5	K071_R9	1	0.3379433208553967	0.06000000000000005
K096	K096_R14	K096_R7	1	0.3366194046643033	0.18
K096	K096_R14	K096_R7	1	0.3366194046643033	0.18
K096	K096_R14	K096_R7	1	0.3366194046643033	0.18
K096	K096_R14	K096_R9	1	0.1878990279164342	0.16999999999999998
K096	K096_R14	K096_R9	1	0.1878990279164342	0.16999999999999998
K096	K096_R14	K096_R9	1	0.1878990279164342	0.16999999999999998
K096	K096_R14	K096_R9	1	0.1878990279164342	0.16999999999999998
K096	K096_R7	K096_R9	2	0.41937466298760306	0.010000000000000009
K096	K096_R7	K096_R9	2	0.41937466298760306	0.010000000000000009
K096	K096_R7	K096_R9	2	0.41937466298760306	0.010000000000000009
K096	K096_R7	K096_R9	2	0.41937466298760306	0.010000000000000009
K098	K098_R1	K098_R2	2	0.19373423877310592	0.13999999999999999
K098	K098_R1	K098_R2	2	0.19373423877310592	0.13999999999999999
K098	K098_R1	K098_R2	2	0.19373423877310592	0.13999999999999999
K098	K098_R1	K098_R3	3	0.1673536935493991	0.02999999999999997
K098	K098_R1	K098_R3	3	0.1673536935493991	0.02999999999999997
K098	K098_R1	K098_R3	3	0.1673536935493991	0.02999999999999997
K098	K098_R1	K098_R3	3	0.1673536935493991	0.02999999999999997
K098	K098_R1	K098_R5	3	0.27659927939156825	0.030000000000000027
K098	K098_R1	K098_R5	3	0.27659927939156825	0.030000000000000027
K098	K098_R1	K098_R5	3	0.27659927939156825	0.030000000000000027
K098	K098_R1	K098_R5	3	0.27659927939156825	0.030000000000000027
K098	K098_R2	K098_R3	2	0.09146336165242819	0.11000000000000001
K098	K098_R2	K098_R3	2	0.09146336165242819	0.11000000000000001
K098	K098_R2	K098_R3	2	0.09146336165242819	0.11000000000000001
K098	K098_R2	K098_R3	2	0.09146336165242819	0.11000000000000001
K098	K098_R2	K098_R5	2	0.19341106807716324	0.17
K098	K098_R2	K098_R5	2	0.19341106807716324	0.17
K098	K098_R2	K098_R5	2	0.19341106807716324	0.17
K098	K098_R2	K098_R5	2	0.19341106807716324	0.17
K098	K098_R3	K098_R5	1	0.16548992000168083	0.06
K098	K098_R3	K098_R5	1	0.16548992000168083	0.06
K098	K098_R3	K098_R5	1	0.16548992000168083	0.06
K098	K098_R3	K098_R5	1	0.16548992000168083	0.06
K099	K099_R1	K099_R3	1	0.12760511627420823	0.03999999999999998
K099	K099_R1	K099_R3	1	0.12760511627420823	0.03999999999999998
K099	K099_R1	K099_R6	1	0.17328315057815757	0.020000000000000018
K099	K099_R1	K099_R6	1	0.17328315057815757	0.020000000000000018
K099	K099_R3	K099_R6	0	0.09935220924090749	0.06
K099	K099_R3	K099_R6	0	0.09935220924090749	0.06
K104	K104_R2	K104_R3	1	0.27636603851747565	0.07999999999999996
K104	K104_R2	K104_R3	1	0.27636603851747565	0.07999999999999996
K107	K107_R1	K107_R7	2	0.2358105160096251	0.010000000000000009
K107	K107_R1	K107_R7	2	0.2358105160096251	0.010000000000000009
K107	K107_R1	K107_R7	2	0.2358105160096251	0.010000000000000009
K107	K107_R1	K107_R7	2	0.2358105160096251	0.010000000000000009
K119	K119_R2	K119_R4	1	0.39368602915474804	0.12
K119	K119_R2	K119_R4	1	0.39368602915474804	0.12
K128	K128_R11	K128_R65	0	0.312218902573013	0.16999999999999998
K128	K128_R11	K128_R65	0	0.312218902573013	0.16999999999999998
K128	K128_R11	K128_R65	0	0.312218902573013	0.16999999999999998
K128	K128_R11	K128_R65	0	0.312218902573013	0.16999999999999998
K128	K128_R11	K128_R65	0	0.312218902573013	0.16999999999999998
K128	K128_R11	K128_R73	1	0.45557038507302827	0.44
K128	K128_R11	K128_R73	1	0.45557038507302827	0.44
K128	K128_R11	K128_R73	1	0.45557038507302827	0.44
K128	K128_R11	K128_R73	1	0.45557038507302827	0.44
K128	K128_R11	K128_R73	1	0.45557038507302827	0.44
K128	K128_R65	K128_R73	1	0.2441531863828852	0.27
K128	K128_R65	K128_R73	1	0.2441531863828852	0.27
K136	K136_R2	K136_R5	1	0.5718719822787838	0.14
K136	K136_R2	K136_R5	1	0.5718719822787838	0.14
K143	K143_R1	K143_R2	1	0.10303181352556978	0.019999999999999962
K143	K143_R1	K143_R2	1	0.10303181352556978	0.019999999999999962
K145	K145_R2	K145_R5	0	0.12647411173484147	NA
K145	K145_R2	K145_R5	0	0.12647411173484147	NA
K153	K153_R26	K153_R4	0	0.06995907952589875	0.09
K153	K153_R26	K153_R4	0	0.06995907952589875	0.09
K153	K153_R26	K153_R54	2	0.6565933285922165	0.03999999999999998
K153	K153_R26	K153_R54	2	0.6565933285922165	0.03999999999999998
K153	K153_R26	K153_R54	2	0.6565933285922165	0.03999999999999998
K153	K153_R26	K153_R55	2	0.5712102745139689	0.04999999999999999
K153	K153_R26	K153_R55	2	0.5712102745139689	0.04999999999999999
K153	K153_R26	K153_R55	2	0.5712102745139689	0.04999999999999999
K153	K153_R26	K153_R58	2	0.6218238385363921	0.09
K153	K153_R26	K153_R58	2	0.6218238385363921	0.09
K153	K153_R26	K153_R58	2	0.6218238385363921	0.09
K153	K153_R26	K153_R59	0	0.3320546927312381	0.1
K153	K153_R26	K153_R59	0	0.3320546927312381	0.1
K153	K153_R4	K153_R54	2	0.685051597251642	0.12999999999999998
K153	K153_R4	K153_R54	2	0.685051597251642	0.12999999999999998
K153	K153_R4	K153_R54	2	0.685051597251642	0.12999999999999998
K153	K153_R4	K153_R55	2	0.6191549976706867	0.04000000000000001
K153	K153_R4	K153_R55	2	0.6191549976706867	0.04000000000000001
K153	K153_R4	K153_R55	2	0.6191549976706867	0.04000000000000001
K153	K153_R4	K153_R58	2	0.5800539867932212	0
K153	K153_R4	K153_R58	2	0.5800539867932212	0
K153	K153_R4	K153_R58	2	0.5800539867932212	0
K153	K153_R4	K153_R59	0	0.28359318975134407	0.010000000000000009
K153	K153_R4	K153_R59	0	0.28359318975134407	0.010000000000000009
K153	K153_R54	K153_R55	1	0.4984447051143047	0.08999999999999997
K153	K153_R54	K153_R55	1	0.4984447051143047	0.08999999999999997
K153	K153_R54	K153_R55	1	0.4984447051143047	0.08999999999999997
K153	K153_R54	K153_R58	1	0.641025602123495	0.12999999999999998
K153	K153_R54	K153_R58	1	0.641025602123495	0.12999999999999998
K153	K153_R54	K153_R58	1	0.641025602123495	0.12999999999999998
K153	K153_R54	K153_R59	1	0.8465218515605148	0.13999999999999999
K153	K153_R54	K153_R59	1	0.8465218515605148	0.13999999999999999
K153	K153_R54	K153_R59	1	0.8465218515605148	0.13999999999999999
K153	K153_R55	K153_R58	1	0.5497971890891995	0.04000000000000001
K153	K153_R55	K153_R58	1	0.5497971890891995	0.04000000000000001
K153	K153_R55	K153_R58	1	0.5497971890891995	0.04000000000000001
K153	K153_R55	K153_R59	1	0.7497368684479917	0.05000000000000002
K153	K153_R55	K153_R59	1	0.7497368684479917	0.05000000000000002
K153	K153_R55	K153_R59	1	0.7497368684479917	0.05000000000000002
K153	K153_R58	K153_R59	1	0.5856890844751657	0.010000000000000009
K153	K153_R58	K153_R59	1	0.5856890844751657	0.010000000000000009
K153	K153_R58	K153_R59	1	0.5856890844751657	0.010000000000000009
K158	K158_R2	K158_R4	1	0.07481793529301228	0.06
K158	K158_R2	K158_R4	1	0.07481793529301228	0.06
K158	K158_R2	K158_R4	1	0.07481793529301228	0.06
K162	K162_R2	K162_R6	1	0.21970686438427178	0.21000000000000008
K162	K162_R2	K162_R6	1	0.21970686438427178	0.21000000000000008
K162	K162_R2	K162_R6	1	0.21970686438427178	0.21000000000000008
K163	K163_R10	K163_R31	3	0.3523766845160373	0.24000000000000005
K163	K163_R10	K163_R31	3	0.3523766845160373	0.24000000000000005
K163	K163_R10	K163_R31	3	0.3523766845160373	0.24000000000000005
K163	K163_R10	K163_R31	3	0.3523766845160373	0.24000000000000005
K163	K163_R10	K163_R4	1	0.0770175569216136	0.10999999999999999
K163	K163_R10	K163_R4	1	0.0770175569216136	0.10999999999999999
K163	K163_R10	K163_R4	1	0.0770175569216136	0.10999999999999999
K163	K163_R10	K163_R4	1	0.0770175569216136	0.10999999999999999
K163	K163_R31	K163_R4	3	0.3578376890354893	0.35000000000000003
K163	K163_R31	K163_R4	3	0.3578376890354893	0.35000000000000003
K163	K163_R31	K163_R4	3	0.3578376890354893	0.35000000000000003
K163	K163_R31	K163_R4	3	0.3578376890354893	0.35000000000000003
K165	K165_R19	K165_R32	1	0.12325793667318341	0.12999999999999998
K165	K165_R19	K165_R32	1	0.12325793667318341	0.12999999999999998
K165	K165_R19	K165_R32	1	0.12325793667318341	0.12999999999999998
K165	K165_R19	K165_R7	1	0.15083796529996207	0.019999999999999962
K165	K165_R19	K165_R7	1	0.15083796529996207	0.019999999999999962
K165	K165_R19	K165_R7	1	0.15083796529996207	0.019999999999999962
K165	K165_R32	K165_R7	1	0.09341848493629523	0.11000000000000001
K165	K165_R32	K165_R7	1	0.09341848493629523	0.11000000000000001
K165	K165_R32	K165_R7	1	0.09341848493629523	0.11000000000000001
K167	K167_R12	K167_R3	1	0.14792432064810268	0.07
K167	K167_R12	K167_R3	1	0.14792432064810268	0.07
K167	K167_R12	K167_R3	1	0.14792432064810268	0.07
K167	K167_R12	K167_R7	1	0.17933957931560496	0.18
K167	K167_R12	K167_R7	1	0.17933957931560496	0.18
K167	K167_R12	K167_R7	1	0.17933957931560496	0.18
K167	K167_R3	K167_R7	1	0.1540267006477769	0.25
K167	K167_R3	K167_R7	1	0.1540267006477769	0.25
K167	K167_R3	K167_R7	1	0.1540267006477769	0.25
K169	K169_R10	K169_R2	3	0.7293954713497262	0.25
K169	K169_R10	K169_R2	3	0.7293954713497262	0.25
K169	K169_R10	K169_R2	3	0.7293954713497262	0.25
K169	K169_R10	K169_R2	3	0.7293954713497262	0.25
K169	K169_R10	K169_R8	3	0.6626253577496647	0.14
K169	K169_R10	K169_R8	3	0.6626253577496647	0.14
K169	K169_R10	K169_R8	3	0.6626253577496647	0.14
K169	K169_R10	K169_R8	3	0.6626253577496647	0.14
K169	K169_R2	K169_R8	2	0.22057268653772322	0.39
K169	K169_R2	K169_R8	2	0.22057268653772322	0.39
K169	K169_R2	K169_R8	2	0.22057268653772322	0.39
K169	K169_R2	K169_R8	2	0.22057268653772322	0.39
K191	K191_R1	K191_R3	1	0.07552070603103822	0.030000000000000027
K191	K191_R1	K191_R3	1	0.07552070603103822	0.030000000000000027
K191	K191_R1	K191_R7	4	0.1880041374441015	0.22
K191	K191_R1	K191_R7	4	0.1880041374441015	0.22
K191	K191_R1	K191_R7	4	0.1880041374441015	0.22
K191	K191_R1	K191_R7	4	0.1880041374441015	0.22
K191	K191_R1	K191_R7	4	0.1880041374441015	0.22
K191	K191_R1	K191_R8	3	0.17442455643584065	0.21
K191	K191_R1	K191_R8	3	0.17442455643584065	0.21
K191	K191_R1	K191_R8	3	0.17442455643584065	0.21
K191	K191_R1	K191_R8	3	0.17442455643584065	0.21
K191	K191_R3	K191_R7	4	0.17658017536415882	0.18999999999999997
K191	K191_R3	K191_R7	4	0.17658017536415882	0.18999999999999997
K191	K191_R3	K191_R7	4	0.17658017536415882	0.18999999999999997
K191	K191_R3	K191_R7	4	0.17658017536415882	0.18999999999999997
K191	K191_R3	K191_R7	4	0.17658017536415882	0.18999999999999997
K191	K191_R3	K191_R8	3	0.16150848250890515	0.17999999999999997
K191	K191_R3	K191_R8	3	0.16150848250890515	0.17999999999999997
K191	K191_R3	K191_R8	3	0.16150848250890515	0.17999999999999997
K191	K191_R3	K191_R8	3	0.16150848250890515	0.17999999999999997
K191	K191_R7	K191_R8	1	0.1615784024224124	0.010000000000000009
K191	K191_R7	K191_R8	1	0.1615784024224124	0.010000000000000009
K191	K191_R7	K191_R8	1	0.1615784024224124	0.010000000000000009
K191	K191_R7	K191_R8	1	0.1615784024224124	0.010000000000000009
K191	K191_R7	K191_R8	1	0.1615784024224124	0.010000000000000009
K206	K206_M2	K206_R5	1	0.20697503702014797	0.16999999999999998
K206	K206_M2	K206_R5	1	0.20697503702014797	0.16999999999999998
K206	K206_M2	K206_R7	1	0.25582100055039503	0.08999999999999997
K206	K206_M2	K206_R7	1	0.25582100055039503	0.08999999999999997
K206	K206_M2	K206_R9	1	0.8192500172485591	0.18
K206	K206_M2	K206_R9	1	0.8192500172485591	0.18
K206	K206_R5	K206_R7	1	0.25313187202870024	0.25999999999999995
K206	K206_R5	K206_R7	1	0.25313187202870024	0.25999999999999995
K206	K206_R5	K206_R9	1	0.8430786147450098	0.35
K206	K206_R5	K206_R9	1	0.8430786147450098	0.35
K206	K206_R7	K206_R9	1	0.6926515233347601	0.09000000000000002
K206	K206_R7	K206_R9	1	0.6926515233347601	0.09000000000000002
K207	K207_R1	K207_R4	0	0.12201471655148388	0.29000000000000004
K207	K207_R1	K207_R4	0	0.12201471655148388	0.29000000000000004
K207	K207_R1	K207_R4	0	0.12201471655148388	0.29000000000000004
K207	K207_R1	K207_R4	0	0.12201471655148388	0.29000000000000004
K207	K207_R1	K207_R6	0	0.13031443714174518	0.030000000000000027
K207	K207_R1	K207_R6	0	0.13031443714174518	0.030000000000000027
K207	K207_R1	K207_R6	0	0.13031443714174518	0.030000000000000027
K207	K207_R1	K207_R6	0	0.13031443714174518	0.030000000000000027
K207	K207_R1	K207_R7	1	0.6311946742695207	0.06999999999999995
K207	K207_R1	K207_R7	1	0.6311946742695207	0.06999999999999995
K207	K207_R1	K207_R7	1	0.6311946742695207	0.06999999999999995
K207	K207_R1	K207_R7	1	0.6311946742695207	0.06999999999999995
K207	K207_R1	K207_T1	0	0.10949744393088201	0.08999999999999997
K207	K207_R1	K207_T1	0	0.10949744393088201	0.08999999999999997
K207	K207_R1	K207_T1	0	0.10949744393088201	0.08999999999999997
K207	K207_R1	K207_T1	0	0.10949744393088201	0.08999999999999997
K207	K207_R4	K207_R6	0	0.12468889067237121	0.26
K207	K207_R4	K207_R6	0	0.12468889067237121	0.26
K207	K207_R4	K207_R6	0	0.12468889067237121	0.26
K207	K207_R4	K207_R6	0	0.12468889067237121	0.26
K207	K207_R4	K207_R7	2	0.70903308513252	0.36
K207	K207_R4	K207_R7	2	0.70903308513252	0.36
K207	K207_R4	K207_R7	2	0.70903308513252	0.36
K207	K207_R4	K207_R7	2	0.70903308513252	0.36
K207	K207_R4	K207_T1	0	0.21801897875273846	0.38
K207	K207_R4	K207_T1	0	0.21801897875273846	0.38
K207	K207_R4	K207_T1	0	0.21801897875273846	0.38
K207	K207_R4	K207_T1	0	0.21801897875273846	0.38
K207	K207_R6	K207_R7	3	0.6434388403558347	0.09999999999999998
K207	K207_R6	K207_R7	3	0.6434388403558347	0.09999999999999998
K207	K207_R6	K207_R7	3	0.6434388403558347	0.09999999999999998
K207	K207_R6	K207_R7	3	0.6434388403558347	0.09999999999999998
K207	K207_R6	K207_T1	0	0.1777144299847363	0.12
K207	K207_R7	K207_T1	0	0.5103405937782339	0.020000000000000018
K207	K207_R7	K207_T1	0	0.5103405937782339	0.020000000000000018
K207	K207_R7	K207_T1	0	0.5103405937782339	0.020000000000000018
K207	K207_R7	K207_T1	0	0.5103405937782339	0.020000000000000018
K208	K208_R1	K208_R5	0	0.20188249773489675	0.08000000000000007
K208	K208_R1	K208_R5	0	0.20188249773489675	0.08000000000000007
K216	K216_R3	K216_R5	1	0.3289498007660455	0.19
K216	K216_R3	K216_R5	1	0.3289498007660455	0.19
K220	K220_R11	K220_R14	1	0.5691893539328634	0.06
K220	K220_R11	K220_R14	1	0.5691893539328634	0.06
K220	K220_R11	K220_R14	1	0.5691893539328634	0.06
K220	K220_R11	K220_R14	1	0.5691893539328634	0.06
K220	K220_R11	K220_R14	1	0.5691893539328634	0.06
K220	K220_R11	K220_R14	1	0.5691893539328634	0.06
K220	K220_R11	K220_R7	1	0.150041551891535	0.06999999999999995
K220	K220_R11	K220_R7	1	0.150041551891535	0.06999999999999995
K220	K220_R11	K220_R7	1	0.150041551891535	0.06999999999999995
K220	K220_R11	K220_R7	1	0.150041551891535	0.06999999999999995
K220	K220_R11	K220_R7	1	0.150041551891535	0.06999999999999995
K220	K220_R11	K220_R7	1	0.150041551891535	0.06999999999999995
K220	K220_R14	K220_R7	5	0.5257335222464942	0.009999999999999953
K220	K220_R14	K220_R7	5	0.5257335222464942	0.009999999999999953
K220	K220_R14	K220_R7	5	0.5257335222464942	0.009999999999999953
K220	K220_R14	K220_R7	5	0.5257335222464942	0.009999999999999953
K220	K220_R14	K220_R7	5	0.5257335222464942	0.009999999999999953
K220	K220_R14	K220_R7	5	0.5257335222464942	0.009999999999999953
K228	K228_R3	K228_R6	1	0.12044708385141467	0.04000000000000001
K228	K228_R3	K228_R6	1	0.12044708385141467	0.04000000000000001
K228	K228_R3	K228_R6	1	0.12044708385141467	0.04000000000000001
K228	K228_R3	K228_R9	0	0.697240320741827	0.08999999999999997
K228	K228_R3	K228_R9	0	0.697240320741827	0.08999999999999997
K228	K228_R3	K228_R9	0	0.697240320741827	0.08999999999999997
K228	K228_R6	K228_R9	0	0.7637027659203406	0.12999999999999998
K228	K228_R6	K228_R9	0	0.7637027659203406	0.12999999999999998
K228	K228_R6	K228_R9	0	0.7637027659203406	0.12999999999999998
K229	K229_LN4	K229_R3	2	0.235525503451126	0.07
K229	K229_LN4	K229_R3	2	0.235525503451126	0.07
K229	K229_LN4	K229_R3	2	0.235525503451126	0.07
K234	K234_R17	K234_R2	1	0.1530105320678825	0.27
K234	K234_R17	K234_R2	1	0.1530105320678825	0.27
K234	K234_R17	K234_R2	1	0.1530105320678825	0.27
K234	K234_R17	K234_R4	4	0.25327130342227555	0.15
K234	K234_R17	K234_R4	4	0.25327130342227555	0.15
K234	K234_R17	K234_R4	4	0.25327130342227555	0.15
K234	K234_R17	K234_R4	4	0.25327130342227555	0.15
K234	K234_R17	K234_R4	4	0.25327130342227555	0.15
K234	K234_R17	K234_THR1	0	0.4404734392011793	0.12999999999999998
K234	K234_R17	K234_THR1	0	0.4404734392011793	0.12999999999999998
K234	K234_R17	K234_THR1	0	0.4404734392011793	0.12999999999999998
K234	K234_R2	K234_R4	3	0.15699387666702136	0.12
K234	K234_R2	K234_R4	3	0.15699387666702136	0.12
K234	K234_R2	K234_R4	3	0.15699387666702136	0.12
K234	K234_R2	K234_R4	3	0.15699387666702136	0.12
K234	K234_R2	K234_R4	3	0.15699387666702136	0.12
K234	K234_R2	K234_THR1	2	0.5822346130895588	0.14
K234	K234_R2	K234_THR1	2	0.5822346130895588	0.14
K234	K234_R2	K234_THR1	2	0.5822346130895588	0.14
K234	K234_R4	K234_THR1	2	0.6464642957498716	0.020000000000000018
K234	K234_R4	K234_THR1	2	0.6464642957498716	0.020000000000000018
K234	K234_R4	K234_THR1	2	0.6464642957498716	0.020000000000000018
K234	K234_R4	K234_THR1	2	0.6464642957498716	0.020000000000000018
K234	K234_R4	K234_THR1	2	0.6464642957498716	0.020000000000000018
K239	K239_R2	K239_R3	1	0.15538706342654307	0.020000000000000018
K239	K239_R2	K239_R3	1	0.15538706342654307	0.020000000000000018
K239	K239_R2	K239_R4	1	0.27466507280608377	0.16000000000000003
K239	K239_R2	K239_R4	1	0.27466507280608377	0.16000000000000003
K239	K239_R2	K239_T1	1	0.41469744279663634	0.22999999999999998
K239	K239_R2	K239_T1	1	0.41469744279663634	0.22999999999999998
K239	K239_R3	K239_R4	1	0.13828756391539976	0.14
K239	K239_R3	K239_R4	1	0.13828756391539976	0.14
K239	K239_R3	K239_T1	1	0.24704868804451685	0.20999999999999996
K239	K239_R3	K239_T1	1	0.24704868804451685	0.20999999999999996
K239	K239_R4	K239_T1	1	0.2876952774946606	0.06999999999999995
K239	K239_R4	K239_T1	1	0.2876952774946606	0.06999999999999995
K243	K243_R1	K243_R12	1	0.2192567923009069	0.09999999999999998
K243	K243_R1	K243_R12	1	0.2192567923009069	0.09999999999999998
K243	K243_R1	K243_R12	1	0.2192567923009069	0.09999999999999998
K243	K243_R1	K243_R12	1	0.2192567923009069	0.09999999999999998
K243	K243_R1	K243_R13	2	0.16799183803023487	0.21000000000000008
K243	K243_R1	K243_R13	2	0.16799183803023487	0.21000000000000008
K243	K243_R1	K243_R13	2	0.16799183803023487	0.21000000000000008
K243	K243_R1	K243_R13	2	0.16799183803023487	0.21000000000000008
K243	K243_R1	K243_R15	1	0.15541251909766152	0.07
K243	K243_R1	K243_R15	1	0.15541251909766152	0.07
K243	K243_R1	K243_R15	1	0.15541251909766152	0.07
K243	K243_R1	K243_R15	1	0.15541251909766152	0.07
K243	K243_R1	K243_R20	1	0.1325304109419928	0.17000000000000004
K243	K243_R1	K243_R20	1	0.1325304109419928	0.17000000000000004
K243	K243_R1	K243_R20	1	0.1325304109419928	0.17000000000000004
K243	K243_R1	K243_R20	1	0.1325304109419928	0.17000000000000004
K243	K243_R1	K243_R21	1	0.28964130660242027	0.020000000000000018
K243	K243_R1	K243_R21	1	0.28964130660242027	0.020000000000000018
K243	K243_R1	K243_R21	1	0.28964130660242027	0.020000000000000018
K243	K243_R1	K243_R21	1	0.28964130660242027	0.020000000000000018
K243	K243_R1	K243_R23	3	0.33772207360157525	0.04999999999999999
K243	K243_R1	K243_R23	3	0.33772207360157525	0.04999999999999999
K243	K243_R1	K243_R23	3	0.33772207360157525	0.04999999999999999
K243	K243_R1	K243_R23	3	0.33772207360157525	0.04999999999999999
K243	K243_R1	K243_R23	3	0.33772207360157525	0.04999999999999999
K243	K243_R1	K243_R24	0	0.1447875037473989	0.009999999999999953
K243	K243_R1	K243_R24	0	0.1447875037473989	0.009999999999999953
K243	K243_R1	K243_R24	0	0.1447875037473989	0.009999999999999953
K243	K243_R1	K243_R24	0	0.1447875037473989	0.009999999999999953
K243	K243_R1	K243_R3	2	0.24678437756551186	0.050000000000000044
K243	K243_R1	K243_R3	2	0.24678437756551186	0.050000000000000044
K243	K243_R1	K243_R3	2	0.24678437756551186	0.050000000000000044
K243	K243_R1	K243_R3	2	0.24678437756551186	0.050000000000000044
K243	K243_R1	K243_R5	1	0.21945979678477934	0.10000000000000003
K243	K243_R1	K243_R5	1	0.21945979678477934	0.10000000000000003
K243	K243_R1	K243_R5	1	0.21945979678477934	0.10000000000000003
K243	K243_R1	K243_R5	1	0.21945979678477934	0.10000000000000003
K243	K243_R1	K243_R6	1	0.17986222080099978	0.21000000000000008
K243	K243_R1	K243_R6	1	0.17986222080099978	0.21000000000000008
K243	K243_R1	K243_R6	1	0.17986222080099978	0.21000000000000008
K243	K243_R1	K243_R6	1	0.17986222080099978	0.21000000000000008
K243	K243_R1	K243_R7	1	0.2895404900598626	0.019999999999999962
K243	K243_R1	K243_R7	1	0.2895404900598626	0.019999999999999962
K243	K243_R1	K243_R7	1	0.2895404900598626	0.019999999999999962
K243	K243_R1	K243_R7	1	0.2895404900598626	0.019999999999999962
K243	K243_R1	K243_THR2	1	0.1937468965001823	0.18000000000000005
K243	K243_R1	K243_THR2	1	0.1937468965001823	0.18000000000000005
K243	K243_R1	K243_THR2	1	0.1937468965001823	0.18000000000000005
K243	K243_R1	K243_THR2	1	0.1937468965001823	0.18000000000000005
K243	K243_R12	K243_R13	2	0.07810267973277996	0.31000000000000005
K243	K243_R12	K243_R13	2	0.07810267973277996	0.31000000000000005
K243	K243_R12	K243_R13	2	0.07810267973277996	0.31000000000000005
K243	K243_R12	K243_R15	1	0.11591929042953097	0.16999999999999998
K243	K243_R12	K243_R15	1	0.11591929042953097	0.16999999999999998
K243	K243_R12	K243_R15	1	0.11591929042953097	0.16999999999999998
K243	K243_R12	K243_R20	1	0.09764477418767747	0.27
K243	K243_R12	K243_R20	1	0.09764477418767747	0.27
K243	K243_R12	K243_R20	1	0.09764477418767747	0.27
K243	K243_R12	K243_R21	1	0.15581692035578099	0.12
K243	K243_R12	K243_R21	1	0.15581692035578099	0.12
K243	K243_R12	K243_R21	1	0.15581692035578099	0.12
K243	K243_R12	K243_R23	3	0.2706729377059659	0.04999999999999999
K243	K243_R12	K243_R23	3	0.2706729377059659	0.04999999999999999
K243	K243_R12	K243_R23	3	0.2706729377059659	0.04999999999999999
K243	K243_R12	K243_R23	3	0.2706729377059659	0.04999999999999999
K243	K243_R12	K243_R23	3	0.2706729377059659	0.04999999999999999
K243	K243_R12	K243_R24	0	0.2144858157306243	0.09000000000000002
K243	K243_R12	K243_R24	0	0.2144858157306243	0.09000000000000002
K243	K243_R12	K243_R24	0	0.2144858157306243	0.09000000000000002
K243	K243_R12	K243_R3	2	0.15203979323716355	0.15000000000000002
K243	K243_R12	K243_R3	2	0.15203979323716355	0.15000000000000002
K243	K243_R12	K243_R3	2	0.15203979323716355	0.15000000000000002
K243	K243_R12	K243_R3	2	0.15203979323716355	0.15000000000000002
K243	K243_R12	K243_R5	1	0.17447851593931119	0.2
K243	K243_R12	K243_R5	1	0.17447851593931119	0.2
K243	K243_R12	K243_R5	1	0.17447851593931119	0.2
K243	K243_R12	K243_R6	1	0.14670818800345586	0.31000000000000005
K243	K243_R12	K243_R6	1	0.14670818800345586	0.31000000000000005
K243	K243_R12	K243_R6	1	0.14670818800345586	0.31000000000000005
K243	K243_R12	K243_R7	1	0.15479302516830684	0.08000000000000002
K243	K243_R12	K243_R7	1	0.15479302516830684	0.08000000000000002
K243	K243_R12	K243_R7	1	0.15479302516830684	0.08000000000000002
K243	K243_R12	K243_THR2	1	0.14143021840515024	0.28
K243	K243_R12	K243_THR2	1	0.14143021840515024	0.28
K243	K243_R12	K243_THR2	1	0.14143021840515024	0.28
K243	K243_R13	K243_R15	0	0.08423486259643775	0.14000000000000007
K243	K243_R13	K243_R15	0	0.08423486259643775	0.14000000000000007
K243	K243_R13	K243_R15	0	0.08423486259643775	0.14000000000000007
K243	K243_R13	K243_R20	2	0.08848145762599935	0.040000000000000036
K243	K243_R13	K243_R20	2	0.08848145762599935	0.040000000000000036
K243	K243_R13	K243_R20	2	0.08848145762599935	0.040000000000000036
K243	K243_R13	K243_R21	2	0.22040111935083362	0.19000000000000006
K243	K243_R13	K243_R21	2	0.22040111935083362	0.19000000000000006
K243	K243_R13	K243_R21	2	0.22040111935083362	0.19000000000000006
K243	K243_R13	K243_R23	4	0.29260618995723187	0.26000000000000006
K243	K243_R13	K243_R23	4	0.29260618995723187	0.26000000000000006
K243	K243_R13	K243_R23	4	0.29260618995723187	0.26000000000000006
K243	K243_R13	K243_R23	4	0.29260618995723187	0.26000000000000006
K243	K243_R13	K243_R23	4	0.29260618995723187	0.26000000000000006
K243	K243_R13	K243_R24	1	0.13441270310082465	0.22000000000000003
K243	K243_R13	K243_R24	1	0.13441270310082465	0.22000000000000003
K243	K243_R13	K243_R24	1	0.13441270310082465	0.22000000000000003
K243	K243_R13	K243_R3	3	0.1853145970157768	0.16000000000000003
K243	K243_R13	K243_R3	3	0.1853145970157768	0.16000000000000003
K243	K243_R13	K243_R3	3	0.1853145970157768	0.16000000000000003
K243	K243_R13	K243_R3	3	0.1853145970157768	0.16000000000000003
K243	K243_R13	K243_R5	2	0.20457048067776262	0.11000000000000004
K243	K243_R13	K243_R5	2	0.20457048067776262	0.11000000000000004
K243	K243_R13	K243_R5	2	0.20457048067776262	0.11000000000000004
K243	K243_R13	K243_R6	2	0.159535101588137	0
K243	K243_R13	K243_R6	2	0.159535101588137	0
K243	K243_R13	K243_R6	2	0.159535101588137	0
K243	K243_R13	K243_R7	2	0.21434959697933775	0.23000000000000004
K243	K243_R13	K243_R7	2	0.21434959697933775	0.23000000000000004
K243	K243_R13	K243_R7	2	0.21434959697933775	0.23000000000000004
K243	K243_R13	K243_THR2	2	0.16031425888471096	0.030000000000000027
K243	K243_R13	K243_THR2	2	0.16031425888471096	0.030000000000000027
K243	K243_R13	K243_THR2	2	0.16031425888471096	0.030000000000000027
K243	K243_R15	K243_R20	2	0.09584685184770425	0.10000000000000003
K243	K243_R15	K243_R20	2	0.09584685184770425	0.10000000000000003
K243	K243_R15	K243_R20	2	0.09584685184770425	0.10000000000000003
K243	K243_R15	K243_R21	2	0.1851583748646929	0.04999999999999999
K243	K243_R15	K243_R21	2	0.1851583748646929	0.04999999999999999
K243	K243_R15	K243_R21	2	0.1851583748646929	0.04999999999999999
K243	K243_R15	K243_R23	4	0.2864580137754792	0.12
K243	K243_R15	K243_R23	4	0.2864580137754792	0.12
K243	K243_R15	K243_R23	4	0.2864580137754792	0.12
K243	K243_R15	K243_R23	4	0.2864580137754792	0.12
K243	K243_R15	K243_R23	4	0.2864580137754792	0.12
K243	K243_R15	K243_R24	1	0.15780132195360452	0.07999999999999996
K243	K243_R15	K243_R24	1	0.15780132195360452	0.07999999999999996
K243	K243_R15	K243_R3	3	0.2022476057220315	0.019999999999999962
K243	K243_R15	K243_R3	3	0.2022476057220315	0.019999999999999962
K243	K243_R15	K243_R3	3	0.2022476057220315	0.019999999999999962
K243	K243_R15	K243_R3	3	0.2022476057220315	0.019999999999999962
K243	K243_R15	K243_R5	2	0.18247812285354925	0.030000000000000027
K243	K243_R15	K243_R5	2	0.18247812285354925	0.030000000000000027
K243	K243_R15	K243_R5	2	0.18247812285354925	0.030000000000000027
K243	K243_R15	K243_R6	2	0.1114366178753754	0.14000000000000007
K243	K243_R15	K243_R6	2	0.1114366178753754	0.14000000000000007
K243	K243_R15	K243_R6	2	0.1114366178753754	0.14000000000000007
K243	K243_R15	K243_R7	2	0.21469603974294338	0.08999999999999997
K243	K243_R15	K243_R7	2	0.21469603974294338	0.08999999999999997
K243	K243_R15	K243_R7	2	0.21469603974294338	0.08999999999999997
K243	K243_R15	K243_THR2	2	0.12755113491435488	0.11000000000000004
K243	K243_R15	K243_THR2	2	0.12755113491435488	0.11000000000000004
K243	K243_R15	K243_THR2	2	0.12755113491435488	0.11000000000000004
K243	K243_R20	K243_R21	1	0.18190770316265148	0.15000000000000002
K243	K243_R20	K243_R21	1	0.18190770316265148	0.15000000000000002
K243	K243_R20	K243_R21	1	0.18190770316265148	0.15000000000000002
K243	K243_R20	K243_R23	3	0.26168657917475535	0.22000000000000003
K243	K243_R20	K243_R23	3	0.26168657917475535	0.22000000000000003
K243	K243_R20	K243_R23	3	0.26168657917475535	0.22000000000000003
K243	K243_R20	K243_R23	3	0.26168657917475535	0.22000000000000003
K243	K243_R20	K243_R23	3	0.26168657917475535	0.22000000000000003
K243	K243_R20	K243_R24	0	0.16007559622255896	0.18
K243	K243_R20	K243_R24	0	0.16007559622255896	0.18
K243	K243_R20	K243_R24	0	0.16007559622255896	0.18
K243	K243_R20	K243_R3	2	0.15039193925604732	0.12
K243	K243_R20	K243_R3	2	0.15039193925604732	0.12
K243	K243_R20	K243_R3	2	0.15039193925604732	0.12
K243	K243_R20	K243_R3	2	0.15039193925604732	0.12
K243	K243_R20	K243_R5	1	0.15524692094119563	0.07
K243	K243_R20	K243_R5	1	0.15524692094119563	0.07
K243	K243_R20	K243_R5	1	0.15524692094119563	0.07
K243	K243_R20	K243_R6	1	0.10484361883433879	0.040000000000000036
K243	K243_R20	K243_R6	1	0.10484361883433879	0.040000000000000036
K243	K243_R20	K243_R6	1	0.10484361883433879	0.040000000000000036
K243	K243_R20	K243_R7	1	0.18284532631839245	0.19
K243	K243_R20	K243_R7	1	0.18284532631839245	0.19
K243	K243_R20	K243_R7	1	0.18284532631839245	0.19
K243	K243_R20	K243_THR2	1	0.1294876857088123	0.010000000000000009
K243	K243_R20	K243_THR2	1	0.1294876857088123	0.010000000000000009
K243	K243_R20	K243_THR2	1	0.1294876857088123	0.010000000000000009
K243	K243_R21	K243_R23	3	0.18383974525279267	0.07
K243	K243_R21	K243_R23	3	0.18383974525279267	0.07
K243	K243_R21	K243_R23	3	0.18383974525279267	0.07
K243	K243_R21	K243_R23	3	0.18383974525279267	0.07
K243	K243_R21	K243_R23	3	0.18383974525279267	0.07
K243	K243_R21	K243_R24	0	0.3144035800568571	0.02999999999999997
K243	K243_R21	K243_R24	0	0.3144035800568571	0.02999999999999997
K243	K243_R21	K243_R24	0	0.3144035800568571	0.02999999999999997
K243	K243_R21	K243_R3	2	0.15162495204512494	0.030000000000000027
K243	K243_R21	K243_R3	2	0.15162495204512494	0.030000000000000027
K243	K243_R21	K243_R3	2	0.15162495204512494	0.030000000000000027
K243	K243_R21	K243_R3	2	0.15162495204512494	0.030000000000000027
K243	K243_R21	K243_R5	1	0.207510733716054	0.08000000000000002
K243	K243_R21	K243_R5	1	0.207510733716054	0.08000000000000002
K243	K243_R21	K243_R5	1	0.207510733716054	0.08000000000000002
K243	K243_R21	K243_R6	1	0.1531304666386719	0.19000000000000006
K243	K243_R21	K243_R6	1	0.1531304666386719	0.19000000000000006
K243	K243_R21	K243_R6	1	0.1531304666386719	0.19000000000000006
K243	K243_R21	K243_R7	1	0.16314905440632965	0.03999999999999998
K243	K243_R21	K243_R7	1	0.16314905440632965	0.03999999999999998
K243	K243_R21	K243_R7	1	0.16314905440632965	0.03999999999999998
K243	K243_R21	K243_THR2	1	0.13994767652172324	0.16000000000000003
K243	K243_R21	K243_THR2	1	0.13994767652172324	0.16000000000000003
K243	K243_R21	K243_THR2	1	0.13994767652172324	0.16000000000000003
K243	K243_R23	K243_R24	0	0.37342718072218517	0.040000000000000036
K243	K243_R23	K243_R24	0	0.37342718072218517	0.040000000000000036
K243	K243_R23	K243_R24	0	0.37342718072218517	0.040000000000000036
K243	K243_R23	K243_R24	0	0.37342718072218517	0.040000000000000036
K243	K243_R23	K243_R24	0	0.37342718072218517	0.040000000000000036
K243	K243_R23	K243_R3	1	0.21755023820549035	0.10000000000000003
K243	K243_R23	K243_R3	1	0.21755023820549035	0.10000000000000003
K243	K243_R23	K243_R3	1	0.21755023820549035	0.10000000000000003
K243	K243_R23	K243_R3	1	0.21755023820549035	0.10000000000000003
K243	K243_R23	K243_R3	1	0.21755023820549035	0.10000000000000003
K243	K243_R23	K243_R5	1	0.23165472921086705	0.15000000000000002
K243	K243_R23	K243_R5	1	0.23165472921086705	0.15000000000000002
K243	K243_R23	K243_R5	1	0.23165472921086705	0.15000000000000002
K243	K243_R23	K243_R5	1	0.23165472921086705	0.15000000000000002
K243	K243_R23	K243_R5	1	0.23165472921086705	0.15000000000000002
K243	K243_R23	K243_R6	1	0.20191260030297165	0.26000000000000006
K243	K243_R23	K243_R6	1	0.20191260030297165	0.26000000000000006
K243	K243_R23	K243_R6	1	0.20191260030297165	0.26000000000000006
K243	K243_R23	K243_R6	1	0.20191260030297165	0.26000000000000006
K243	K243_R23	K243_R6	1	0.20191260030297165	0.26000000000000006
K243	K243_R23	K243_R7	1	0.23654317391591895	0.030000000000000027
K243	K243_R23	K243_R7	1	0.23654317391591895	0.030000000000000027
K243	K243_R23	K243_R7	1	0.23654317391591895	0.030000000000000027
K243	K243_R23	K243_R7	1	0.23654317391591895	0.030000000000000027
K243	K243_R23	K243_R7	1	0.23654317391591895	0.030000000000000027
K243	K243_R23	K243_THR2	1	0.25046622491847104	0.23000000000000004
K243	K243_R23	K243_THR2	1	0.25046622491847104	0.23000000000000004
K243	K243_R23	K243_THR2	1	0.25046622491847104	0.23000000000000004
K243	K243_R23	K243_THR2	1	0.25046622491847104	0.23000000000000004
K243	K243_R23	K243_THR2	1	0.25046622491847104	0.23000000000000004
K243	K243_R24	K243_R3	2	0.296756250974722	0.06
K243	K243_R24	K243_R3	2	0.296756250974722	0.06
K243	K243_R24	K243_R3	2	0.296756250974722	0.06
K243	K243_R24	K243_R3	2	0.296756250974722	0.06
K243	K243_R24	K243_R5	1	0.2666692052445875	0.10999999999999999
K243	K243_R24	K243_R5	1	0.2666692052445875	0.10999999999999999
K243	K243_R24	K243_R5	1	0.2666692052445875	0.10999999999999999
K243	K243_R24	K243_R6	1	0.20577131602943066	0.22000000000000003
K243	K243_R24	K243_R6	1	0.20577131602943066	0.22000000000000003
K243	K243_R24	K243_R6	1	0.20577131602943066	0.22000000000000003
K243	K243_R24	K243_R7	1	0.3046906369655529	0.010000000000000009
K243	K243_R24	K243_R7	1	0.3046906369655529	0.010000000000000009
K243	K243_R24	K243_R7	1	0.3046906369655529	0.010000000000000009
K243	K243_R24	K243_THR2	1	0.26586086146633336	0.19
K243	K243_R24	K243_THR2	1	0.26586086146633336	0.19
K243	K243_R24	K243_THR2	1	0.26586086146633336	0.19
K243	K243_R3	K243_R5	1	0.21157651284177337	0.04999999999999999
K243	K243_R3	K243_R5	1	0.21157651284177337	0.04999999999999999
K243	K243_R3	K243_R5	1	0.21157651284177337	0.04999999999999999
K243	K243_R3	K243_R5	1	0.21157651284177337	0.04999999999999999
K243	K243_R3	K243_R6	1	0.15684980391849324	0.16000000000000003
K243	K243_R3	K243_R6	1	0.15684980391849324	0.16000000000000003
K243	K243_R3	K243_R6	1	0.15684980391849324	0.16000000000000003
K243	K243_R3	K243_R6	1	0.15684980391849324	0.16000000000000003
K243	K243_R3	K243_R7	1	0.18317445544121325	0.07
K243	K243_R3	K243_R7	1	0.18317445544121325	0.07
K243	K243_R3	K243_R7	1	0.18317445544121325	0.07
K243	K243_R3	K243_R7	1	0.18317445544121325	0.07
K243	K243_R3	K243_THR2	1	0.15847736266783907	0.13
K243	K243_R3	K243_THR2	1	0.15847736266783907	0.13
K243	K243_R3	K243_THR2	1	0.15847736266783907	0.13
K243	K243_R3	K243_THR2	1	0.15847736266783907	0.13
K243	K243_R5	K243_R6	1	0.09699608438479224	0.11000000000000004
K243	K243_R5	K243_R6	1	0.09699608438479224	0.11000000000000004
K243	K243_R5	K243_R6	1	0.09699608438479224	0.11000000000000004
K243	K243_R5	K243_R7	1	0.12240519277791606	0.12
K243	K243_R5	K243_R7	1	0.12240519277791606	0.12
K243	K243_R5	K243_R7	1	0.12240519277791606	0.12
K243	K243_R5	K243_THR2	1	0.19112995863558946	0.08000000000000002
K243	K243_R5	K243_THR2	1	0.19112995863558946	0.08000000000000002
K243	K243_R5	K243_THR2	1	0.19112995863558946	0.08000000000000002
K243	K243_R6	K243_R7	1	0.1577206269468031	0.23000000000000004
K243	K243_R6	K243_R7	1	0.1577206269468031	0.23000000000000004
K243	K243_R6	K243_R7	1	0.1577206269468031	0.23000000000000004
K243	K243_R6	K243_THR2	1	0.13225355201939837	0.030000000000000027
K243	K243_R6	K243_THR2	1	0.13225355201939837	0.030000000000000027
K243	K243_R6	K243_THR2	1	0.13225355201939837	0.030000000000000027
K243	K243_R7	K243_THR2	1	0.19661868745898992	0.2
K243	K243_R7	K243_THR2	1	0.19661868745898992	0.2
K243	K243_R7	K243_THR2	1	0.19661868745898992	0.2
K245	K245_R14	K245_R9	0	0.18955865653836756	0.12
K245	K245_R14	K245_R9	0	0.18955865653836756	0.12
K245	K245_R14	K245_THR1	2	0.1991931315975225	0.04999999999999999
K245	K245_R14	K245_THR1	2	0.1991931315975225	0.04999999999999999
K245	K245_R14	K245_THR1	2	0.1991931315975225	0.04999999999999999
K245	K245_R14	K245_THR1	2	0.1991931315975225	0.04999999999999999
K245	K245_R14	K245_THR4	1	0.21125930211387478	0.28
K245	K245_R14	K245_THR4	1	0.21125930211387478	0.28
K245	K245_R14	K245_THR4	1	0.21125930211387478	0.28
K245	K245_R9	K245_THR1	3	0.2735118315827799	0.16999999999999998
K245	K245_R9	K245_THR1	3	0.2735118315827799	0.16999999999999998
K245	K245_R9	K245_THR1	3	0.2735118315827799	0.16999999999999998
K245	K245_R9	K245_THR1	3	0.2735118315827799	0.16999999999999998
K245	K245_R9	K245_THR4	2	0.25383763727619624	0.16000000000000003
K245	K245_R9	K245_THR4	2	0.25383763727619624	0.16000000000000003
K245	K245_R9	K245_THR4	2	0.25383763727619624	0.16000000000000003
K245	K245_THR1	K245_THR4	0	0.0954009779147682	0.33
K245	K245_THR1	K245_THR4	0	0.0954009779147682	0.33
K245	K245_THR1	K245_THR4	0	0.0954009779147682	0.33
K245	K245_THR1	K245_THR4	0	0.0954009779147682	0.33
K253	K253_R10	K253_R7	0	0.1960544219061301	0.1100000000000001
K255	K255_R12	K255_R3	1	0.028938592580411315	0.18999999999999997
K255	K255_R12	K255_R3	1	0.028938592580411315	0.18999999999999997
K255	K255_R12	K255_R7	0	0.07480069860791194	0.18999999999999997
K255	K255_R12	K255_R7	0	0.07480069860791194	0.18999999999999997
K255	K255_R12	K255_THR1	0	0.09568166203528339	0.040000000000000036
K255	K255_R12	K255_THR1	0	0.09568166203528339	0.040000000000000036
K255	K255_R3	K255_R7	1	0.0746297889296299	0
K255	K255_R3	K255_R7	1	0.0746297889296299	0
K255	K255_R3	K255_THR1	1	0.09237700584056119	0.23
K255	K255_R3	K255_THR1	1	0.09237700584056119	0.23
K255	K255_R7	K255_THR1	0	0.06763803341831331	0.23
K255	K255_R7	K255_THR1	0	0.06763803341831331	0.23
K265	K265_R1	K265_R5	2	0.13818588128382903	0.030000000000000027
K265	K265_R1	K265_R5	2	0.13818588128382903	0.030000000000000027
K265	K265_R1	K265_R7	2	0.21111137289984605	0.21999999999999997
K265	K265_R1	K265_R7	2	0.21111137289984605	0.21999999999999997
K265	K265_R5	K265_R7	1	0.09321736507874268	0.18999999999999995
K265	K265_R5	K265_R7	1	0.09321736507874268	0.18999999999999995
K276	K276_R14	K276_R18	3	0.3077631526615283	0.019999999999999962
K276	K276_R14	K276_R18	3	0.3077631526615283	0.019999999999999962
K276	K276_R14	K276_R18	3	0.3077631526615283	0.019999999999999962
K276	K276_R14	K276_R18	3	0.3077631526615283	0.019999999999999962
K276	K276_R14	K276_R18	3	0.3077631526615283	0.019999999999999962
K276	K276_R14	K276_THR1	0	0.19779825415534413	0.21999999999999997
K276	K276_R14	K276_THR1	0	0.19779825415534413	0.21999999999999997
K276	K276_R14	K276_THR1	0	0.19779825415534413	0.21999999999999997
K276	K276_R18	K276_THR1	0	0.45001183534539446	0.2
K276	K276_R18	K276_THR1	0	0.45001183534539446	0.2
K276	K276_R18	K276_THR1	0	0.45001183534539446	0.2
K276	K276_R18	K276_THR1	0	0.45001183534539446	0.2
K276	K276_R18	K276_THR1	0	0.45001183534539446	0.2
K280	K280_M11	K280_R17	1	0.202928690451751	0.18000000000000005
K280	K280_M11	K280_R17	1	0.202928690451751	0.18000000000000005
K280	K280_M11	K280_R17	1	0.202928690451751	0.18000000000000005
K308	K308_R1	K308_R3	1	0.19019959477127324	0.37000000000000005
K308	K308_R1	K308_R3	1	0.19019959477127324	0.37000000000000005
K308	K308_R1	K308_R3	1	0.19019959477127324	0.37000000000000005
K308	K308_R1	K308_R4	1	0.069558947606838	0.050000000000000044
K308	K308_R1	K308_R4	1	0.069558947606838	0.050000000000000044
K308	K308_R1	K308_R4	1	0.069558947606838	0.050000000000000044
K308	K308_R3	K308_R4	1	0.1365811549559376	0.32
K308	K308_R3	K308_R4	1	0.1365811549559376	0.32
K326	K326_CB1	K326_R4	1	0.4421618576572047	0.15999999999999998
K326	K326_CB1	K326_R4	1	0.4421618576572047	0.15999999999999998
K326	K326_CB1	K326_R4	1	0.4421618576572047	0.15999999999999998
K326	K326_CB1	K326_R4	1	0.4421618576572047	0.15999999999999998
K328	K328_R1	K328_R13	0	0.08383079712636665	0.21000000000000002
K328	K328_R1	K328_R13	0	0.08383079712636665	0.21000000000000002
K328	K328_R1	K328_R16	1	0.15936457017458316	0.10999999999999999
K328	K328_R1	K328_R16	1	0.15936457017458316	0.10999999999999999
K328	K328_R1	K328_R18	1	0.15298905638398363	0.18
K328	K328_R1	K328_R18	1	0.15298905638398363	0.18
K328	K328_R1	K328_R19	1	0.044171455999691855	0.14
K328	K328_R1	K328_R19	1	0.044171455999691855	0.14
K328	K328_R13	K328_R16	1	0.16987453599184643	0.10000000000000003
K328	K328_R13	K328_R16	1	0.16987453599184643	0.10000000000000003
K328	K328_R13	K328_R18	1	0.10051069177862959	0.030000000000000027
K328	K328_R13	K328_R18	1	0.10051069177862959	0.030000000000000027
K328	K328_R13	K328_R19	1	0.08689229687429445	0.07
K328	K328_R13	K328_R19	1	0.08689229687429445	0.07
K328	K328_R16	K328_R18	1	0.15327052831800603	0.07
K328	K328_R16	K328_R18	1	0.15327052831800603	0.07
K328	K328_R16	K328_R19	1	0.11391196595040343	0.030000000000000027
K328	K328_R16	K328_R19	1	0.11391196595040343	0.030000000000000027
K328	K328_R18	K328_R19	1	0.14913126289927914	0.03999999999999998
K328	K328_R18	K328_R19	1	0.14913126289927914	0.03999999999999998
K334	K334_R11	K334_R6	2	0.19015416596059764	0.10999999999999999
K334	K334_R11	K334_R6	2	0.19015416596059764	0.10999999999999999
K357	K357_R3	K357_R7	0	0.4519337890928501	NA
K360	K360_R1	K360_R5	2	0.11801795634320245	0.08000000000000002
K360	K360_R1	K360_R5	2	0.11801795634320245	0.08000000000000002
K360	K360_R1	K360_R5	2	0.11801795634320245	0.08000000000000002
K360	K360_R1	K360_R5	2	0.11801795634320245	0.08000000000000002
K376	K376_M2	K376_M5	0	0.07866887447424187	0.13
K376	K376_M2	K376_R3	0	0.1401615421050948	0.03999999999999998
K376	K376_M2	K376_R9	0	0.13877137850635224	0.10999999999999999
K376	K376_M5	K376_R3	0	0.16473664605999083	0.16999999999999998
K376	K376_M5	K376_R9	0	0.16222026961023217	0.020000000000000018
K376	K376_R3	K376_R9	0	0.12953582464593183	0.14999999999999997
K379	K379_R18	K379_R19	1	0.21719429251514022	0.03999999999999998
K379	K379_R18	K379_R19	1	0.21719429251514022	0.03999999999999998
K379	K379_R18	K379_R27	1	0.0586652478895453	0.07
K379	K379_R18	K379_R27	1	0.0586652478895453	0.07
K379	K379_R18	K379_R29	1	0.0742411415877201	0.010000000000000009
K379	K379_R18	K379_R29	1	0.0742411415877201	0.010000000000000009
K379	K379_R19	K379_R27	1	0.22679124363227487	0.10999999999999999
K379	K379_R19	K379_R27	1	0.22679124363227487	0.10999999999999999
K379	K379_R19	K379_R29	1	0.2406713203697548	0.04999999999999999
K379	K379_R19	K379_R29	1	0.2406713203697548	0.04999999999999999
K379	K379_R27	K379_R29	1	0.02735182339256992	0.06
K379	K379_R27	K379_R29	1	0.02735182339256992	0.06
K386	K386_R31	K386_R4	1	0.25951934862342485	0.16999999999999993
K386	K386_R31	K386_R4	1	0.25951934862342485	0.16999999999999993
K386	K386_R31	K386_R4	1	0.25951934862342485	0.16999999999999993
K386	K386_R31	K386_R64	1	0.09795815517249007	0.050000000000000044
K386	K386_R31	K386_R64	1	0.09795815517249007	0.050000000000000044
K386	K386_R31	K386_R64	1	0.09795815517249007	0.050000000000000044
K386	K386_R31	K386_R67	1	0.1304533123525793	0.04999999999999993
K386	K386_R31	K386_R67	1	0.1304533123525793	0.04999999999999993
K386	K386_R31	K386_R67	1	0.1304533123525793	0.04999999999999993
K386	K386_R31	K386_R79	1	0.3494291938953773	0.26
K386	K386_R31	K386_R79	1	0.3494291938953773	0.26
K386	K386_R31	K386_R79	1	0.3494291938953773	0.26
K386	K386_R4	K386_R64	1	0.2651140038156534	0.21999999999999997
K386	K386_R4	K386_R64	1	0.2651140038156534	0.21999999999999997
K386	K386_R4	K386_R64	1	0.2651140038156534	0.21999999999999997
K386	K386_R4	K386_R67	1	0.24587175104778436	0.12
K386	K386_R4	K386_R67	1	0.24587175104778436	0.12
K386	K386_R4	K386_R67	1	0.24587175104778436	0.12
K386	K386_R4	K386_R79	0	0.18626224055331253	0.09000000000000008
K386	K386_R4	K386_R79	0	0.18626224055331253	0.09000000000000008
K386	K386_R4	K386_R79	0	0.18626224055331253	0.09000000000000008
K386	K386_R64	K386_R67	1	0.10074069651726769	0.09999999999999998
K386	K386_R64	K386_R67	1	0.10074069651726769	0.09999999999999998
K386	K386_R64	K386_R67	1	0.10074069651726769	0.09999999999999998
K386	K386_R64	K386_R79	1	0.35748284611316106	0.31000000000000005
K386	K386_R64	K386_R79	1	0.35748284611316106	0.31000000000000005
K386	K386_R64	K386_R79	1	0.35748284611316106	0.31000000000000005
K386	K386_R67	K386_R79	2	0.3039950683524746	0.21000000000000008
K386	K386_R67	K386_R79	2	0.3039950683524746	0.21000000000000008
K386	K386_R67	K386_R79	2	0.3039950683524746	0.21000000000000008
K390	K390_LN3	K390_R14	1	0.14239236888124085	0.050000000000000044
K390	K390_LN3	K390_R14	1	0.14239236888124085	0.050000000000000044
K390	K390_LN3	K390_R14	1	0.14239236888124085	0.050000000000000044
K390	K390_LN3	K390_R15	0	0.18129842565516863	0.46
K390	K390_LN3	K390_R15	0	0.18129842565516863	0.46
K390	K390_LN3	K390_R15	0	0.18129842565516863	0.46
K390	K390_LN3	K390_R18	1	0.3031589540581885	0.30000000000000004
K390	K390_LN3	K390_R18	1	0.3031589540581885	0.30000000000000004
K390	K390_LN3	K390_R18	1	0.3031589540581885	0.30000000000000004
K390	K390_LN3	K390_R19	0	0.1557055672506662	0.51
K390	K390_LN3	K390_R19	0	0.1557055672506662	0.51
K390	K390_LN3	K390_R19	0	0.1557055672506662	0.51
K390	K390_LN3	K390_THR2	1	0.2504966166335446	0.27
K390	K390_LN3	K390_THR2	1	0.2504966166335446	0.27
K390	K390_LN3	K390_THR2	1	0.2504966166335446	0.27
K390	K390_R14	K390_R15	0	0.14658161531100333	0.41
K390	K390_R14	K390_R15	0	0.14658161531100333	0.41
K390	K390_R14	K390_R18	0	0.27359185889349236	0.25
K390	K390_R14	K390_R18	0	0.27359185889349236	0.25
K390	K390_R14	K390_R19	1	0.16975531231669228	0.45999999999999996
K390	K390_R14	K390_R19	1	0.16975531231669228	0.45999999999999996
K390	K390_R14	K390_THR2	0	0.19862359850406597	0.21999999999999997
K390	K390_R14	K390_THR2	0	0.19862359850406597	0.21999999999999997
K390	K390_R15	K390_R18	1	0.18887649021541209	0.15999999999999998
K390	K390_R15	K390_R18	1	0.18887649021541209	0.15999999999999998
K390	K390_R15	K390_R19	1	0.09980149975707986	0.04999999999999999
K390	K390_R15	K390_R19	1	0.09980149975707986	0.04999999999999999
K390	K390_R15	K390_THR2	1	0.22245826639092858	0.19
K390	K390_R15	K390_THR2	1	0.22245826639092858	0.19
K390	K390_R18	K390_R19	1	0.3040417795938575	0.20999999999999996
K390	K390_R18	K390_R19	1	0.3040417795938575	0.20999999999999996
K390	K390_R18	K390_THR2	0	0.17724467183583792	0.030000000000000027
K390	K390_R18	K390_THR2	0	0.17724467183583792	0.030000000000000027
K390	K390_R19	K390_THR2	1	0.3046022065555367	0.24
K390	K390_R19	K390_THR2	1	0.3046022065555367	0.24
K427	K427_M10	K427_R19	0	0.24693423459765595	0.1
K427	K427_M10	K427_R19	0	0.24693423459765595	0.1
K427	K427_M10	K427_R19	0	0.24693423459765595	0.1
K427	K427_M10	K427_R19	0	0.24693423459765595	0.1
K427	K427_M10	K427_R9	2	0.25797106532414826	0.03
K427	K427_M10	K427_R9	2	0.25797106532414826	0.03
K427	K427_M10	K427_R9	2	0.25797106532414826	0.03
K427	K427_M10	K427_R9	2	0.25797106532414826	0.03
K427	K427_M10	K427_R9	2	0.25797106532414826	0.03
K427	K427_M10	K427_R9	2	0.25797106532414826	0.03
K427	K427_M10	K427_THR3	1	0.21715615639398933	0.12000000000000002
K427	K427_M10	K427_THR3	1	0.21715615639398933	0.12000000000000002
K427	K427_M10	K427_THR3	1	0.21715615639398933	0.12000000000000002
K427	K427_M10	K427_THR3	1	0.21715615639398933	0.12000000000000002
K427	K427_M10	K427_THR3	1	0.21715615639398933	0.12000000000000002
K427	K427_R19	K427_R9	2	0.05979291606066217	0.07
K427	K427_R19	K427_R9	2	0.05979291606066217	0.07
K427	K427_R19	K427_R9	2	0.05979291606066217	0.07
K427	K427_R19	K427_R9	2	0.05979291606066217	0.07
K427	K427_R19	K427_R9	2	0.05979291606066217	0.07
K427	K427_R19	K427_R9	2	0.05979291606066217	0.07
K427	K427_R19	K427_THR3	1	0.16405707112379875	0.020000000000000018
K427	K427_R19	K427_THR3	1	0.16405707112379875	0.020000000000000018
K427	K427_R19	K427_THR3	1	0.16405707112379875	0.020000000000000018
K427	K427_R19	K427_THR3	1	0.16405707112379875	0.020000000000000018
K427	K427_R19	K427_THR3	1	0.16405707112379875	0.020000000000000018
K427	K427_R9	K427_THR3	1	0.11430345810315445	0.09000000000000002
K427	K427_R9	K427_THR3	1	0.11430345810315445	0.09000000000000002
K427	K427_R9	K427_THR3	1	0.11430345810315445	0.09000000000000002
K427	K427_R9	K427_THR3	1	0.11430345810315445	0.09000000000000002
K427	K427_R9	K427_THR3	1	0.11430345810315445	0.09000000000000002
K427	K427_R9	K427_THR3	1	0.11430345810315445	0.09000000000000002
K444	K444_R1	K444_R5	0	0.16678239200600042	0.13999999999999996
K444	K444_R1	K444_R8	0	0.13983421270970564	0.16000000000000003
K444	K444_R5	K444_R8	0	0.15265640470688724	0.3
K446	K446_R14	K446_R22	1	0.3189903576663117	0.41000000000000003
K446	K446_R14	K446_R22	1	0.3189903576663117	0.41000000000000003
K446	K446_R14	K446_R22	1	0.3189903576663117	0.41000000000000003
K446	K446_R14	K446_R22	1	0.3189903576663117	0.41000000000000003
K446	K446_R14	K446_R24	1	0.24665848874181207	0.19000000000000006
K446	K446_R14	K446_R24	1	0.24665848874181207	0.19000000000000006
K446	K446_R14	K446_R24	1	0.24665848874181207	0.19000000000000006
K446	K446_R14	K446_R24	1	0.24665848874181207	0.19000000000000006
K446	K446_R14	K446_R9	1	0.2962874708303729	0.11000000000000004
K446	K446_R14	K446_R9	1	0.2962874708303729	0.11000000000000004
K446	K446_R14	K446_R9	1	0.2962874708303729	0.11000000000000004
K446	K446_R14	K446_R9	1	0.2962874708303729	0.11000000000000004
K446	K446_R22	K446_R24	1	0.19732311099115085	0.21999999999999997
K446	K446_R22	K446_R24	1	0.19732311099115085	0.21999999999999997
K446	K446_R22	K446_R24	1	0.19732311099115085	0.21999999999999997
K446	K446_R22	K446_R24	1	0.19732311099115085	0.21999999999999997
K446	K446_R22	K446_R9	1	0.2912314316404393	0.3
K446	K446_R22	K446_R9	1	0.2912314316404393	0.3
K446	K446_R22	K446_R9	1	0.2912314316404393	0.3
K446	K446_R22	K446_R9	1	0.2912314316404393	0.3
K446	K446_R24	K446_R9	3	0.2828590518515244	0.08000000000000002
K446	K446_R24	K446_R9	3	0.2828590518515244	0.08000000000000002
K446	K446_R24	K446_R9	3	0.2828590518515244	0.08000000000000002
K446	K446_R24	K446_R9	3	0.2828590518515244	0.08000000000000002
K448	K448_R12	K448_R49	2	0.22378046718942401	0.050000000000000044
K448	K448_R12	K448_R49	2	0.22378046718942401	0.050000000000000044
K448	K448_R12	K448_R49	2	0.22378046718942401	0.050000000000000044
K448	K448_R12	K448_R5	1	0.42450413374694074	0.15999999999999998
K448	K448_R12	K448_R5	1	0.42450413374694074	0.15999999999999998
K448	K448_R49	K448_R5	1	0.505799460335451	0.21000000000000002
K448	K448_R49	K448_R5	1	0.505799460335451	0.21000000000000002
K448	K448_R49	K448_R5	1	0.505799460335451	0.21000000000000002
